"名称_1","住所","天LinkNo","番号","地図","指定等区分","指定種別","名称_2","めいしょう","指定年月日","所在地","所有者（菅","備考","市町村CD","市町村地区","経度","緯度","分類"
"","","289","1.000000","42図","国指定","天然記念物","栗栖川亀甲石包含層","くりすがわきっこうせきほうがんそう","昭12.6.5","北郡1123-1内実測25歩1123-3内実測20歩、699内実測2畝10歩","（田辺市）","","21","田辺市中辺路地区","135.510486444404","33.7600017967822","史跡_名勝_天然記念物_線"
"","","261","1.000000","39図","県指定","史跡","切目崎塚穴","きりめざきつかあな","昭33.4.1","印南町島田2172","個人","","20","印南町","135.235808399458","33.7823067120974","史跡_名勝_天然記念物_線"
"","","267","7.000000","39図","県指定","天然記念物","東光寺のナギ（雄株）","とうこうじのなぎ","平6.4.20","印南町印南2332","東光寺","1株","20","印南町","135.2227678312","33.8136048524549","史跡_名勝_天然記念物_線"
"","","68","1.000000","6図","国指定","史跡","紀伊国分寺跡","きいこくぶんじあと","昭3.2.7／昭63.4.26（追）","東国分563-1・2,565-1,566～568,569-1・2,570,571,572-1・2,573-1,574～576,577,577-1,578～583,673,675～693,694-1,695,696-1,697-1,698,699,734-1上の地域に介在する道路敷及び水路を含む","紀の川市","","04","紀の川市打田地区","135.33946392767","34.2684395455679","史跡_名勝_天然記念物_線"
"","","22","22.000000","6図","県指定","史跡","山口廃寺跡","やまぐちはいじあと","昭40.4.14","谷433-1,433-2,433-3","個人","","01","和歌山市","135.269919181053","34.2749437426316","史跡_名勝_天然記念物_線"
"","","4","4.000000","6図","国指定","史跡","上野廃寺跡","うえのはいじあと","昭26.6.9／昭44.4.12（追）","上野536,537-1･2,539,540,541-1・2,542,543上記地域内に介在する道路敷を含む","（和歌山県）","","01","和歌山市","135.254197563943","34.2745677457303","史跡_名勝_天然記念物_線"
"","","93","4.000000","6図","県指定","天然記念物","栄福寺イブキビャクシンの大樹名木","えいふくじいぶきびゃくしんのたいじゅめいぼく","昭41.12.9","湯窪98番1","栄福寺","2株","05","岩出市","135.293416928044","34.2700025975193","史跡_名勝_天然記念物_線"
"","","92","3.000000","6図","県指定","天然記念物","正覚寺ムクの木","しょうかくじむくのき","昭41.12.9","高塚332番地","正覚寺","1株","05","岩出市","135.322995803348","34.2546754333576","史跡_名勝_天然記念物_線"
"","","94","5.000000","6図","県指定","天然記念物","下中島の大イチョウ","しもなかじまのおおいちょう","昭41.12.9","中島486番1","個人","1株","05","岩出市","135.282021757307","34.2628463032772","史跡_名勝_天然記念物_線"
"","","12","12.000000","5図","県指定","史跡","釜山古墳","かまやまこふん","昭33.4.1","木ノ本697","個人","1基","01","和歌山市","135.135749942679","34.2622872083875","史跡_名勝_天然記念物_線"
"","","15","15.000000","4図","県指定","天然記念物","常行寺の柏槇","じょうぎょうじのびゃくしん","昭33.4.1","加太1522","常行寺","1本","01","和歌山市","135.075965585812","34.2762356141663","史跡_名勝_天然記念物_線"
"","","83","4.000000","7図","県指定","名勝","藤崎弁天","ふじさきべんてん","昭33.4.1","藤崎","（紀の川市）","1括","04","紀の川市那賀地区","135.425299180548","34.265636950093","史跡_名勝_天然記念物_線"
"","","106","6.000000","9図・14図","県指定","名勝","玉川峡（丹生の滝・三ツ滝を含む）","たまがわきょう（にうのたき・みつだきをふくむ）","昭33.4.1","橋本市、九度山町","（橋本市・九度山町）","","06","橋本市橋本地区","135.642680908435","34.2593201659617","史跡_名勝_天然記念物_線"
"","","71","1.000000","7図","国指定","名勝","粉河寺庭園","こかわでらていえん","昭45.4.23","粉河2787の内実測3422.775平方メートル","粉河寺","","04","紀の川市粉河地区","135.405798933335","34.2805579932154","史跡_名勝_天然記念物_線"
"","","75","6.000000","12図","県指定","天然記念物","キイシモツケ群生地","きいしもつけぐんせいち","昭48.5.16","荒見字竜門309,310,315-1･2のうち勝神峠、龍門山頂、田代峠を結ぶ尾根道の北斜面海抜600m以上の範囲","龍門財産区","1括","04","紀の川市粉河地区","135.412604457376","34.2391958547219","史跡_名勝_天然記念物_線"
"","","72","2.000000","7図","県指定","史跡","森田節斎翁墓地","もりたせっさいおうぼち","昭33.4.1","荒見字木の下222","個人","1基","04","紀の川市粉河地区","135.421829786639","34.2588015489753","史跡_名勝_天然記念物_線"
"","","141","6.000000","13図","県指定","天然記念物","高野槇の純林","こうやまきのじゅんりん","昭33.4.1","高野町高野山","金剛峯寺","","09","高野町","135.568090376148","34.2202271535978","史跡_名勝_天然記念物_線"
"","","79","2.000000","7図","県指定","史跡　","華岡青洲の墓碑","はなおかせいしゅうのぼひ","昭32.11.19","西野山741","個人","1基","04","紀の川市那賀地区","135.440744319501","34.2823523729134","史跡_名勝_天然記念物_線"
"","","80","3.000000","12図","県指定","天然記念物","桂樹","かつらのき","昭33.4.1","麻生津中2021,麻生津中2016-2","飯盛財産区","2本","04","紀の川市那賀地区","135.436011409189","34.246033762586","史跡_名勝_天然記念物_線"
"","","78","1.000000","7図","国指定","史跡　","旧名手宿本陣","きゅうなてしゅくほんじん","昭45.4.2","名手市場641","（紀の川市）","","04","紀の川市那賀地区","135.435724283741","34.2759687608035","史跡_名勝_天然記念物_線"
"","","122","3.000000","7図","県指定","史跡","中世農耕用水路文覚井","ちゅうせいのうこうようすいろもんがくゆ","昭47.4.13","笠田東","文覚井水利組合","","07","かつらぎ町かつらぎ地区","135.469435708948","34.3015734091242","史跡_名勝_天然記念物_線"
"","","114","3.000000","8図","県指定","史跡","名古曽廃寺跡","なごそはいじあと","昭40.4.14
平4.1.17（名称変更）","名古曽450,451-5","橋本市教育委員会","","06","橋本市高野口地区","135.56495638045","34.3109948324534","史跡_名勝_天然記念物_線"
"","","124","8.000000","8図","国指定","史跡","丹生都比売神社境内","にうつひめじんじゃけいだい","平14.12.19","かつらぎ町（図面告示のため、図面はかつらぎ町、和歌山県教育委員会で縦覧）","丹生都比売神社","","07","かつらぎ町かつらぎ地区","135.52316788796","34.2608112047278","史跡_名勝_天然記念物_線"
"","","104","3.000000","8図","県指定","史跡","陵山古墳","みささぎやまこふん","昭43.4.16","古佐田314","橋本市","旧番号20","06","橋本市橋本地区","135.613064609204","34.3207255939994","史跡_名勝_天然記念物_線"
"","","112","1.000000","8図","県指定","天然記念物","信太神社の樟樹","しのだじんじゃのくすのき","昭34.1.8","九重283","信太神社","","06","橋本市高野口地区","135.553482259405","34.3364073246215","史跡_名勝_天然記念物_線"
"","","133","4.000000","8図","県指定","天然記念物","厳島神社のイチョウ（雌株）","いつくしまじんじゃのいちょう（めかぶ）","昭48.5.16","上古沢鳥居元41","古沢厳島神社","1株","08","九度山町","135.547884025335","34.2603832081137","史跡_名勝_天然記念物_線"
"","","113","2.000000","8図","県指定","天然記念物","しぐれの松","しぐれのまつ","昭38.3.26","伏原302","大光寺","1本","06","橋本市高野口地区","135.57613880647","34.3046592238523","史跡_名勝_天然記念物_線"
"","","74","4.000000","12図","県指定","天然記念物","龍門山の磁石岩","りゅうもんざんのじしゃくいわ","昭34.4.23","杉原107-123","龍門財産区","","04","紀の川市粉河地区","135.414611232298","34.2382572647952","史跡_名勝_天然記念物_線"
"","","132","3.000000","9図","県指定","天然記念物","平見観音いぬつげの老樹","ひらみかんのんいぬつげのろうじゅ","昭35.3.12","丹生川字平見981-2","青淵組中","1本","08","九度山町","135.628139039275","34.2762535093345","史跡_名勝_天然記念物_線"
"","","123","4.000000","7図","県指定","天然記念物","十五社の樟樹","じごせのくすのき","昭33.4.1
平29.3.17追加","笠田東563番1、549番1、549番2","妙楽寺薬師講
かつらぎ町","","07","かつらぎ町かつらぎ地区","135.475102107486","34.2889474565942","史跡_名勝_天然記念物_線"
"","","82","6.000000","7図","県指定","天然記念物","光明寺の松","こうみょうじのまつ","昭33.4.1","名手市場1396-1","個人","1株","04","紀の川市那賀地区","135.43158906774","34.2760480605374","史跡_名勝_天然記念物_線"
"","","121","2.000000","2図","県指定","天然記念物","さざんかの老樹","さざんかのろうじゅ","昭34.1.8","東谷1360","堀越癪観音","","07","かつらぎ町かつらぎ地区","135.501276267731","34.3403704401229","史跡_名勝_天然記念物_線"
"","","2","2.000000","10図","国指定","史跡","鳴神貝塚","なるかみかいづか","昭6.7.31","鳴神563-1･2,569-1･2･3,570-1～4,572,573","（和歌山市）","","01","和歌山市","135.211749517985","34.2305757598933","史跡_名勝_天然記念物_線"
"","","96","7.000000","11図","県指定","天然記念物","百山稀少鉱物産出鉱脈","びゃくざんきしょうこうぶつさんしゅつこうみゃく","平17.5.31","山崎字百山268番1","山崎共有山組合","","05","岩出市","135.324413091392","34.2421976735887","史跡_名勝_天然記念物_線"
"","","85","1.000000","11図","県指定","天然記念物","イワヒバの天然群落","いわひばのてんねんぐんらく","昭39.5.28","貴志川町西山805","個人","1括","04","紀の川市貴志川地区","135.279871732954","34.2208639510125","史跡_名勝_天然記念物_線"
"","","86","2.000000","11図","県指定","史跡","丸山古墳","まるやまこふん","昭44.7.14","貴志川町上野山257","個人","1基","04","紀の川市貴志川地区","135.310018627454","34.2162620214675","史跡_名勝_天然記念物_線"
"","","26","26.000000","10図","国指定","名勝","養翠園","ようすいえん","平元.12.8
平25.3.27（追）","西浜1161,1161-1,1162,1163-3･4,1164,1166,1167,1168-1,1169-1,1170-1,1171-1,1173-1,1175-1,1176,1177,1178,1161地先から1176地先までの護岸敷から10メートルの範囲の河川敷を含む西浜1160,1160-1,1165（追加）","株式会社養翠園","","01","和歌山市","135.152829463024","34.1938435845213","史跡_名勝_天然記念物_線"
"","","1","1.000000","10図","国指定","史跡","和歌山城","わかやまじょう","昭6.3.30
平30.10.15（追）","一番丁3","（和歌山市）","","01","和歌山市","135.172313292264","34.2278262710493","史跡_名勝_天然記念物_線"
"","","7","7.000000","10図","国指定","名勝","和歌山城西之丸庭園（紅葉渓庭園）","わかやまじょうにしのまるていえん","昭60.11.27","一番丁3-2の内実測17133.73㎡,3-6の内実測418.59㎡","（和歌山市）","別名：紅葉渓庭園","01","和歌山市","135.170765098158","34.2285956413093","史跡_名勝_天然記念物_線"
"","","9","9.000000","10図","県指定","史跡","岡山の時鐘堂","おかやまのじしょうどう","昭33.4.1","吹上１丁目","和歌山市","","01","和歌山市","135.172518699186","34.2254425107698","史跡_名勝_天然記念物_線"
"","","10","10.000000","10図","県指定","史跡","加納諸平墓","かのうもろひらはか","昭33.4.1","道場町1-2番地 海善寺内","個人","1基","01","和歌山市","135.16409000868","34.2302145784575","史跡_名勝_天然記念物_線"
"","","161","2.000000","21図","県指定","史跡","糸我村の一里塚","いとがむらのいちりづか","昭33.4.1","糸我町中番鳥居233","有田市","","10","有田市","135.177818914877","34.0686557881313","史跡_名勝_天然記念物_線"
"","","188","1.000000","21図","国指定","史跡","明恵紀州遺跡率都婆","みょうえきしゅういせきそとば","昭6.6.3","船坂793-3,歓喜寺179,1123-1の内実測1畝1歩7合,糸野650-1","（有田川町）","","13","有田川町吉備地区","135.231722908731","34.0846979938945","史跡_名勝_天然記念物_線"
"","","160","1.000000","21図","国指定","史跡","明恵紀州遺跡率都婆","みょうえきしゅういせきそとば","昭6.6.3","星尾665-6","（有田市）","","10","有田市","135.159559408587","34.0721556061668","史跡_名勝_天然記念物_線"
"","","202","1.000000","22図","県指定","史跡","東大谷経塚遺跡、附和鏡","ひがしおおたにきょうづかいせき、つけたりわきょう","昭43.6.27","東大谷557-2の一部","個人","","13","有田川町清水地区","135.351422046514","34.0726268118193","史跡_名勝_天然記念物_線"
"","","197","2.000000","22図","県指定","天然記念物","榁の老樹","むろのろうじゅ","昭33.4.1","小川2628番地2","白岩丹生神社","1本","13","有田川町金屋地区","135.259159146072","34.0710641362009","史跡_名勝_天然記念物_線"
"","","57","1.000000","11図","県指定","天然記念物","国木原ノダフジの大樹","くにきはらのだふじのたいじゅ","昭41.12.9","国木原85","個人","1株","03","紀美野町野上地区","135.342443767289","34.1861152804994","史跡_名勝_天然記念物_線"
"","","49","7.000000","16図","県指定","史跡","女良古墳","めらこふん","昭48.5.16","大崎字女良奥谷1373","個人","","02","海南市下津地区","135.146601162071","34.1312935946357","史跡_名勝_天然記念物_線"
"","","62","4.000000","12図","県指定","天然記念物","善福寺のカヤ（雌株）","ぜんぷくじのかや（めかぶ）","昭53.8.18","勝谷243","善福寺","2株","03","紀美野町美里地区","135.439176913929","34.1717856071902","史跡_名勝_天然記念物_線"
"","","61","3.000000","12図","県指定","天然記念物","丹生神社のイチョウ（雌株）","にうじんじゃのいちょう（めかぶ）","昭53.8.18","長谷宮238","丹生神社","1株","03","紀美野町美里地区","135.480719318717","34.1830418627341","史跡_名勝_天然記念物_線"
"","","63","5.000000","17図","県指定","天然記念物","箕六弁財天社のカツラ（雌株）","みろくべんざいてんしゃのかつら","昭53.8.18","箕六218-4","箕六区","1株","03","紀美野町美里地区","135.353596190348","34.1172204849311","史跡_名勝_天然記念物_線"
"","","9999","0.000000","","","","","","","","","","","","135.468324689765","34.130408689444","史跡_名勝_天然記念物_線"
"","","221","2.000000","31図","県指定","天然記念物","姥目の老樹","うばめのろうじゅ","昭33.4.1
平18.5.9追加","和田1788の内1号","御崎神社","2株","15","美浜町","135.120086000774","33.8961339606341","史跡_名勝_天然記念物_線"
"","","222","3.000000","31図","県指定","天然記念物","龍王神社のアコウ","りゅうおうじんじゃのあこう","昭43.4.16","三尾442","龍王神社","1株","15","美浜町","135.08384234227","33.8876242810524","史跡_名勝_天然記念物_線"
"","","168","1.000000","21図","国指定","史跡","明恵紀州遺跡率都婆","みょうえきしゅういせきそとば","昭6.6.3","栖原1468-31の内実測4畝20歩1合1勺","（湯浅町）","","11","湯浅町","135.162129826828","34.0508374552502","史跡_名勝_天然記念物_線"
"","","230","4.000000","26図","県指定","史跡","辯天山古墳","べんてんやまこふん","昭33.4.1","荊木村沢1308-8,1309-6","個人、荊木区長","","16","日高町","135.157458124297","33.9222695249924","史跡_名勝_天然記念物_線"
"","","208","1.000000","32図","県指定","天然記念物","日高別院の公孫樹","ひだかべついんのいちょう","昭33.4.1","御坊100　本願寺日高別院内","本願寺日高別院","1本","14","御坊市","135.15826531578","33.8881251540213","史跡_名勝_天然記念物_線"
"","","9999","0.000000","","","","","","","","","","","","135.160295801856","33.9113965905379","史跡_名勝_天然記念物_線"
"","","229","3.000000","32図","県指定","史跡","向山古墳","むかいやまこふん","昭33.4.1","荊木山下335-35","個人","","16","日高町","135.153530182301","33.9190232782193","史跡_名勝_天然記念物_線"
"","","209","3.000000","32図","県指定","天然記念物","光専寺の柏槙","こうせんじのびゃくしん","昭33.4.1","塩屋町南塩屋325","光専寺","1本","14","御坊市","135.162371459497","33.862496030219","史跡_名勝_天然記念物_線"
"","","211","4.000000","32図","県指定","史跡","岩内古墳群一号墳","いわうちこふんぐんいちごうふん","昭54.6.9","岩内845番内1号のうち実測963.60㎡","御坊市","","14","御坊市","135.174034097747","33.8883968427989","史跡_名勝_天然記念物_線"
"","","212","4.000000","32図","県指定","史跡","岩内古墳群三号墳","いわうちこふんぐんさんごうふん","昭55.2.14","岩内65、66、67番地","個人","1,284㎡","14","御坊市","135.172211364659","33.8894904405565","史跡_名勝_天然記念物_線"
"","","266","6.000000","33図","県指定","天然記念物","真妻神社のホルトノキ","まづまじんじゃのほるとのき","昭60.7.26","印南町樮川519","真妻神社","1株","20","印南町","135.284162350376","33.844904527726","史跡_名勝_天然記念物_線"
"","","265","5.000000","33図","県指定","天然記念物","川又観音のトチ","かわまたかんのんのとち","昭43.4.16","印南町川又　川又観音内","川又区","1株","20","印南町","135.368203896021","33.9099279260159","史跡_名勝_天然記念物_線"
"","","368","1.000000","38図","国指定","特別名勝・天然記念物","瀞八丁","どろはっちょう","（名・天）　昭3.3.24　　　　　　　（特名・天）　昭27.3.29","玉置口201-1、201-2　奈良県、三重県","（新宮市）","","25","新宮市熊野川地区","135.878260552737","33.9046052494902","史跡_名勝_天然記念物_線"
"","","220","1.000000","31図","県指定","天然記念物","海猫および海猫繁殖地、弁天島","うみねこおよびうみねこはんしょくち、べんてんじま","昭33.4.1","三尾西浜海岸より約千メートル沖合","（美浜町教育委員会）","","15","美浜町","135.077679067973","33.8861278340264","史跡_名勝_天然記念物_線"
"","","312","13.000000","36図 ・37図・44図","国指定","史跡","熊野参詣道　紀伊路　中辺路　大辺路　小辺路　伊勢路　熊野川　七里御浜　花の窟","くまのさんけいみち　きいじ　なかへち　おおへち　こへち　いせじ　くまのがわ　しちりみはま　はなのいわや　","平12.11.2
平14.12.9分離・追加・名称変更
平24.1.24追加
平27.10.7追加・名称変更
平28.3.1追加
平30.2.13追加","新宮市、田辺市、海南市、有田市、御坊市、那智勝浦町、串本町、白浜町、すさみ町、上富田町、広川町、高野町","(高野町、有田市、広川町、田辺市、御坊市、上富田町、白浜町、すさみ町、串本町、那智勝浦町）","田辺市域：紀伊路、中辺路、大辺路、小辺路、伊勢路、熊野川","21","田辺市本宮地区","135.745561691768","33.8446657328185","史跡_名勝_天然記念物_線"
"","","312","13.000000","36図 ・37図・44図","国指定","史跡","熊野参詣道　紀伊路　中辺路　大辺路　小辺路　伊勢路　熊野川　七里御浜　花の窟","くまのさんけいみち　きいじ　なかへち　おおへち　こへち　いせじ　くまのがわ　しちりみはま　はなのいわや　","平12.11.2
平14.12.9分離・追加・名称変更
平24.1.24追加
平27.10.7追加・名称変更
平28.3.1追加
平30.2.13追加","新宮市、田辺市、海南市、有田市、御坊市、那智勝浦町、串本町、白浜町、すさみ町、上富田町、広川町、高野町","(高野町、有田市、広川町、田辺市、御坊市、上富田町、白浜町、すさみ町、串本町、那智勝浦町）","田辺市域：紀伊路、中辺路、大辺路、小辺路、伊勢路、熊野川","21","田辺市本宮地区","135.714517650171","33.8586588650145","史跡_名勝_天然記念物_線"
"","","312","13.000000","36図 ・37図・44図","国指定","史跡","熊野参詣道　紀伊路　中辺路　大辺路　小辺路　伊勢路　熊野川　七里御浜　花の窟","くまのさんけいみち　きいじ　なかへち　おおへち　こへち　いせじ　くまのがわ　しちりみはま　はなのいわや　","平12.11.2
平14.12.9分離・追加・名称変更
平24.1.24追加
平27.10.7追加・名称変更
平28.3.1追加
平30.2.13追加","新宮市、田辺市、海南市、有田市、御坊市、那智勝浦町、串本町、白浜町、すさみ町、上富田町、広川町、高野町","(高野町、有田市、広川町、田辺市、御坊市、上富田町、白浜町、すさみ町、串本町、那智勝浦町）","田辺市域：紀伊路、中辺路、大辺路、小辺路、伊勢路、熊野川","21","田辺市本宮地区","135.755405927223","33.8828876705097","史跡_名勝_天然記念物_線"
"","","311","12.000000","37図・44図","国指定","史跡","熊野三山","くまのさんざん","平12.11.2　　　　　
平14.12.19分離・追加・名称変更","新宮市、田辺市（旧本宮町）、那智勝浦町、三重県","熊野本宮大社・熊野那智大社・熊野速玉大社・那智山青岸渡寺・農林水産省","熊野本宮大社","21","田辺市本宮地区","135.774162530765","33.8371440460843","史跡_名勝_天然記念物_線"
"","","313","17.000000","37図","国指定","史跡","大峯奥駈道","おおみねおくがけみち","平14.12.19","新宮市（旧熊野川町）、田辺市（旧本宮町）、奈良県（図面告示のため、新宮市、田辺市、和歌山県教育委員会で縦覧））","（田辺市・新宮市）","","21","田辺市本宮地区","135.805452079319","33.8986021719896","史跡_名勝_天然記念物_線"
"","","198","3.000000","22図","県指定","史跡","鳥屋城址","とやじょうし","昭34.8.18","中井原城山876-1","有田川町","","13","有田川町金屋地区","135.269886063515","34.0607107902541","史跡_名勝_天然記念物_線"
"","","292","13.000000","42・43図","国指定","史跡","熊野参詣道　紀伊路　中辺路　大辺路　小辺路　伊勢路　熊野川　七里御浜　花の窟","くまのさんけいみち　きいじ　なかへち　おおへち　こへち　いせじ　くまのがわ　しちりみはま　はなのいわや　","平12.11.2
平14.12.9分離・追加・名称変更
平24.1.24追加
平27.10.7追加・名称変更
平28.3.1追加
平30.2.13追加","新宮市、田辺市、海南市、有田市、御坊市、那智勝浦町、串本町、白浜町、すさみ町、上富田町、広川町、高野町","(高野町、有田市、広川町、田辺市、御坊市、上富田町、白浜町、すさみ町、串本町、那智勝浦町）","田辺市域：紀伊路、中辺路、大辺路、小辺路、伊勢路、熊野川","21","田辺市中辺路地区","135.659006450161","33.8352745199809","史跡_名勝_天然記念物_線"
"","","190","3.000000","21図","県指定","史跡","泣沢女の古墳","なみさわめのこふん","昭33.4.1","天満722番地","藤並神社","","13","有田川町吉備地区","135.205499337869","34.0634356817957","史跡_名勝_天然記念物_線"
"","","308","5.000000","44図","県指定","史跡","畔田十兵衛墓","くろだじゅうべえはか","昭40.9.20","本宮620","田辺市","1基","21","田辺市本宮地区","135.771493607691","33.8368245188774","史跡_名勝_天然記念物_線"
"","","183","6.000000","","県指定","史跡","浜口梧陵碑","はまぐちごりょうひ","平27.1.15","上中野206-1の内18.6㎡","廣八幡神社","","12","広川町","135.17534810987","34.0182977760919","史跡_名勝_天然記念物_線"
"","","170","3.000000","21図","県指定","史跡","深専寺「大地震津波心得の記」碑","じんせんじ「おおじしんつなみこころえのき」ひ","昭49.12.9","湯浅785","深専寺","4㎡","11","湯浅町","135.177296386263","34.034633995902","史跡_名勝_天然記念物_線"
"","","236","1.000000","26図","国指定","天然記念物","門前の大岩","もんぜんのおおいわ","昭10.12.24","門前1065-2","(由良町)","","17","由良町","135.131965856928","33.9753728972142","史跡_名勝_天然記念物_線"
"","","292","13.000000","42・43図","国指定","史跡","熊野参詣道　紀伊路　中辺路　大辺路　小辺路　伊勢路　熊野川　七里御浜　花の窟","くまのさんけいみち　きいじ　なかへち　おおへち　こへち　いせじ　くまのがわ　しちりみはま　はなのいわや　","平12.11.2
平14.12.9分離・追加・名称変更
平24.1.24追加
平27.10.7追加・名称変更
平28.3.1追加
平30.2.13追加","新宮市、田辺市、海南市、有田市、御坊市、那智勝浦町、串本町、白浜町、すさみ町、上富田町、広川町、高野町","(高野町、有田市、広川町、田辺市、御坊市、上富田町、白浜町、すさみ町、串本町、那智勝浦町）","田辺市域：紀伊路、中辺路、大辺路、小辺路、伊勢路、熊野川","21","田辺市中辺路地区","135.554705885","33.7951114322987","史跡_名勝_天然記念物_線"
"","","371","4.000000","44図","国指定","史跡","熊野参詣道　紀伊路　中辺路　大辺路　小辺路　伊勢路　熊野川　七里御浜　花の窟","くまのさんけいみち　きいじ　なかへち　おおへち　こへち　いせじ　くまのがわ　しちりみはま　はなのいわや　","平12.11.2
平14.12.9分離・追加・名称変更
平24.1.24追加
平27.10.7追加・名称変更
平28.3.1追加
平30.2.13追加","新宮市、田辺市、海南市、有田市、御坊市、那智勝浦町、串本町、白浜町、すさみ町、上富田町、広川町、高野町","(高野町、有田市、広川町、田辺市、御坊市、上富田町、白浜町、すさみ町、串本町、那智勝浦町）","新宮市域：中辺路、伊勢路、熊野川","25","新宮市熊野川地区","135.850253294965","33.7187975554546","史跡_名勝_天然記念物_線"
"","","357","2.000000","51図","国指定","天然記念物","熊野速玉神社のナギ","くまのはやたまじんじゃのなぎ","昭15.2.10","新宮、熊野速玉大社境内","熊野速玉大社","","25","新宮市新宮地区","135.98407547362","33.7316156370415","史跡_名勝_天然記念物_線"
"","","364","13.000000","","県指定","史跡","神倉山付石段「下馬」標石（付指定のみ県指定）","かみくらやまつけたりいしだん「げば」ひょうせき","昭44.4．23","権現山神倉神社境内","熊野速玉大社","","25","新宮市新宮地区","135.98428070832","33.7243705828841","史跡_名勝_天然記念物_線"
"","","362","10.000000","51図","国指定","史跡","熊野参詣道　紀伊路　中辺路　大辺路　小辺路　伊勢路　熊野川　七里御浜　花の窟","くまのさんけいみち　きいじ　なかへち　おおへち　こへち　いせじ　くまのがわ　しちりみはま　はなのいわや　","平12.11.2
平14.12.9分離・追加・名称変更
平24.1.24追加
平27.10.7追加・名称変更
平28.3.1追加
平30.2.13追加","新宮市、田辺市、海南市、有田市、御坊市、那智勝浦町、串本町、白浜町、すさみ町、上富田町、広川町、高野町","(高野町、有田市、広川町、田辺市、御坊市、上富田町、白浜町、すさみ町、串本町、那智勝浦町）","新宮市域：中辺路、伊勢路、熊野川","25","新宮市新宮地区","135.989863403389","33.6966501556876","史跡_名勝_天然記念物_線"
"","","9999","0.000000","","","","","","","","","","","","135.974908356696","33.7334120613031","史跡_名勝_天然記念物_線"
"","","362","10.000000","51図","国指定","史跡","熊野参詣道　紀伊路　中辺路　大辺路　小辺路　伊勢路　熊野川　七里御浜　花の窟","くまのさんけいみち　きいじ　なかへち　おおへち　こへち　いせじ　くまのがわ　しちりみはま　はなのいわや　","平12.11.2
平14.12.9分離・追加・名称変更
平24.1.24追加
平27.10.7追加・名称変更
平28.3.1追加
平30.2.13追加","新宮市、田辺市、海南市、有田市、御坊市、那智勝浦町、串本町、白浜町、すさみ町、上富田町、広川町、高野町","(高野町、有田市、広川町、田辺市、御坊市、上富田町、白浜町、すさみ町、串本町、那智勝浦町）","新宮市域：中辺路、伊勢路、熊野川","25","新宮市新宮地区","135.997028210885","33.728694538616","史跡_名勝_天然記念物_線"
"","","358","5.000000","51図","県指定","史跡","浜王子跡","はまおうじあと","昭34.1.8","王子町1-5158","新宮市","","25","新宮市新宮地区","136.00213701433","33.7171112999233","史跡_名勝_天然記念物_線"
"","","363","12.000000","51図","国指定","史跡","新宮城跡附水野家墓所","しんぐうじょうあとつけたりみずのけぼしょ","平成15.8.27","新宮字丹鶴7687-19,7688-1・2・8～12,7690-2～4・15・16・22・24・27～32・35～37・39・41,7691-1・4,7692,7693,7693-1,7694-2・3・6・7・7689,新宮字石ヶ坪2104の内実測3254.77㎡","（新宮市）","","25","新宮市新宮地区","135.992063944756","33.73008427385","史跡_名勝_天然記念物_線"
"","","312","13.000000","36図 ・37図・44図","国指定","史跡","熊野参詣道　紀伊路　中辺路　大辺路　小辺路　伊勢路　熊野川　七里御浜　花の窟","くまのさんけいみち　きいじ　なかへち　おおへち　こへち　いせじ　くまのがわ　しちりみはま　はなのいわや　","平12.11.2
平14.12.9分離・追加・名称変更
平24.1.24追加
平27.10.7追加・名称変更
平28.3.1追加
平30.2.13追加","新宮市、田辺市、海南市、有田市、御坊市、那智勝浦町、串本町、白浜町、すさみ町、上富田町、広川町、高野町","(高野町、有田市、広川町、田辺市、御坊市、上富田町、白浜町、すさみ町、串本町、那智勝浦町）","田辺市域：紀伊路、中辺路、大辺路、小辺路、伊勢路、熊野川","21","田辺市本宮地区","135.810695824891","33.8093452179417","史跡_名勝_天然記念物_線"
"","","312","13.000000","36図 ・37図・44図","国指定","史跡","熊野参詣道　紀伊路　中辺路　大辺路　小辺路　伊勢路　熊野川　七里御浜　花の窟","くまのさんけいみち　きいじ　なかへち　おおへち　こへち　いせじ　くまのがわ　しちりみはま　はなのいわや　","平12.11.2
平14.12.9分離・追加・名称変更
平24.1.24追加
平27.10.7追加・名称変更
平28.3.1追加
平30.2.13追加","新宮市、田辺市、海南市、有田市、御坊市、那智勝浦町、串本町、白浜町、すさみ町、上富田町、広川町、高野町","(高野町、有田市、広川町、田辺市、御坊市、上富田町、白浜町、すさみ町、串本町、那智勝浦町）","田辺市域：紀伊路、中辺路、大辺路、小辺路、伊勢路、熊野川","21","田辺市本宮地区","135.790614103276","33.8287087474869","史跡_名勝_天然記念物_線"
"","","307","1.000000","37図","国指定","天然記念物","ユノミネシダ自生地","ゆのみねしだじせいち","昭3.1.18","湯峯327、内実測12歩","（田辺市）","","21","田辺市本宮地区","135.757976507499","33.828477151812","史跡_名勝_天然記念物_線"
"","","299","2.000000","48図","県指定","名勝天然記念物","百間山渓谷","ひゃっけんざんけいこく","昭41.4.12","熊野1286、1287、1288、1233の内1、1233の内2、1232、1231の内2、1222の内1、1232の内2、1231の内1","個人","","21","田辺市大塔地区","135.617558788828","33.7184228346886","史跡_名勝_天然記念物_線"
"","","408","20.000000","51図・56図","国指定","史跡","熊野参詣道　紀伊路　中辺路　大辺路　小辺路　伊勢路　熊野川　七里御浜　花の窟","くまのさんけいみち　きいじ　なかへち　おおへち　こへち　いせじ　くまのがわ　しちりみはま　はなのいわや　","平12.11.2
平14.12.9分離・追加・名称変更
平24.1.24追加
平27.10.7追加・名称変更
平28.3.1追加
平30.2.13追加","新宮市、田辺市、海南市、有田市、御坊市、那智勝浦町、串本町、白浜町、すさみ町、上富田町、広川町、高野町","(高野町、有田市、広川町、田辺市、御坊市、上富田町、白浜町、すさみ町、串本町、那智勝浦町）","那智勝浦町域：中辺路、大辺路","27","那智勝浦町","135.870137265659","33.686596258055","史跡_名勝_天然記念物_線"
"","","349","1.000000","58図","国指定","天然記念物","江須崎暖地性植物群落","えすざきだんちせいしょくぶつぐんらく","昭28.11.14","江住154","（すさみ町）","","24","すさみ町","135.591275238261","33.5001599774645","史跡_名勝_天然記念物_線"
"","","351","3.000000","58図","国指定","史跡","熊野参詣道　紀伊路　中辺路　大辺路　小辺路　伊勢路　熊野川　七里御浜　花の窟","くまのさんけいみち　きいじ　なかへち　おおへち　こへち　いせじ　くまのがわ　しちりみはま　はなのいわや　","平12.11.2
平14.12.9分離・追加・名称変更
平24.1.24追加
平27.10.7追加・名称変更
平28.3.1追加
平30.2.13追加","新宮市、田辺市、海南市、有田市、御坊市、那智勝浦町、串本町、白浜町、すさみ町、上富田町、広川町、高野町","(高野町、有田市、広川町、田辺市、御坊市、上富田町、白浜町、すさみ町、串本町、那智勝浦町）","すさみ町域：大辺路","24","すさみ町","135.547666560669","33.5266275836892","史跡_名勝_天然記念物_線"
"","","377","1.000000","63図","国指定","名勝・天然記念物","橋杭岩","はしぐいいわ","大13.12.9
昭10.5.15追加","鬮野川1593続,1593,1594,1594-1,1594の乙同上地先国有磯地及び海中立岩
古座姫570,続571-1,574-1及び572各地先磯地及び地中立岩","串本町","","26","串本町串本地区","135.796233181411","33.4855929023833","史跡_名勝_天然記念物_線"
"","","417","1.000000","60図","国指定","天然記念物","高池の虫喰岩","たかいけのむしくいいわ","昭10.12.24","池野山1557","（古座川町）","","29","古座川町","135.82676474969","33.5402497551005","史跡_名勝_天然記念物_線"
"","","418","2.000000","59図","国指定","天然記念物","古座川の一枚岩","こざがわのいちまいいわ","昭16.12.13","相瀬238-1、284","（古座川町）","","29","古座川町","135.72249934438","33.5463141035817","史跡_名勝_天然記念物_線"
"","","413","1.000000","56図","県指定","史跡","捕鯨の祖和田頼元墓","ほげいのそ　わだよりもとのはか","昭34.1.8","太地3185-35　順心寺内","個人","","28","太地町","135.943847519956","33.5917111349753","史跡_名勝_天然記念物_線"
"","","408","20.000000","51図・56図","国指定","史跡","熊野参詣道　紀伊路　中辺路　大辺路　小辺路　伊勢路　熊野川　七里御浜　花の窟","くまのさんけいみち　きいじ　なかへち　おおへち　こへち　いせじ　くまのがわ　しちりみはま　はなのいわや　","平12.11.2
平14.12.9分離・追加・名称変更
平24.1.24追加
平27.10.7追加・名称変更
平28.3.1追加
平30.2.13追加","新宮市、田辺市、海南市、有田市、御坊市、那智勝浦町、串本町、白浜町、すさみ町、上富田町、広川町、高野町","(高野町、有田市、広川町、田辺市、御坊市、上富田町、白浜町、すさみ町、串本町、那智勝浦町）","那智勝浦町域：中辺路、大辺路","27","那智勝浦町","135.892714572153","33.6713355377956","史跡_名勝_天然記念物_線"
"","","359","6.000000","51図","県指定","史跡","佐野王子跡","さのおうじあと","昭34.1.8","佐野3丁目641-1","新宮市","","25","新宮市新宮地区","135.970923596884","33.672130669981","史跡_名勝_天然記念物_線"
"","","390","1.000000","51図","国指定","天然記念物","那智原始林","なちげんしりん","昭3.3.3","市野々718-1内実測27町2段8畝29歩、2-1内実測4町9段8歩、3-2　上記地域内に介在する道路敷沢敷及び川敷","熊野那智大社","","27","那智勝浦町","135.891943621266","33.6765739463494","史跡_名勝_天然記念物_線"
"","","409","21.000000","56図","国指定","史跡","熊野三山　","くまのさんざん","平12.11.2　　　　　
平14.12.19分離・追加・名称変更","新宮市、田辺市（旧本宮町）、那智勝浦町","熊野本宮大社・熊野那智大社・熊野速玉大社・那智山青岸渡寺・農林水産省","熊野那智大社、青岸渡寺、補陀洛山寺","27","那智勝浦町","135.889862579695","33.6689022806591","史跡_名勝_天然記念物_線"
"","","324","5.000000","46図","県指定","史跡","火雨塚古墳","ひさめづかこふん","昭47.4.13","白浜町744番地　熊野三所神社境内","熊野三所神社","1基","22","白浜町白浜地区","135.343204496638","33.6854543902638","史跡_名勝_天然記念物_線"
"","","276","5.000000","47図","国指定","史跡","磯間岩陰遺跡","いそまいわかげいせき","昭54.12.18","磯間166番地のうち実測85.6㎡、203番地-1","(田辺市)","","21","田辺市田辺地区","135.38321832273","33.7212442547375","史跡_名勝_天然記念物_線"
"","","334","1.000000","57図","県指定","天然記念物","安宅八幡のいちいがし","あたぎはちまんのいちいがし","昭33.4.1","安宅19-1","（安宅区）","1本","22","白浜町日置川地区","135.464200060939","33.5818268042849","史跡_名勝_天然記念物_線"
"","","322","3.000000","46図","国指定","天然記念物","白浜の泥岩岩脈　　　　　　　　　　　　名称変更旧名称（瀬戸鉛山村の泥板岩々脈）","しらはまのでいがんがんみゃく","昭6.2.20　　　　　　　
昭15.8.30","白浜町3315番上記地先より731番地先に至る浜地並、朔望満潮線より100ｍ以内の海面同3204-1、3209、3210上記地先浜地並朔望満潮線より100ｍ以内の海面同3739、上記地先浜地並朔望満潮線より200ｍ以内の海面","（白浜町）","","22","白浜町白浜地区","135.359084961872","33.6802363379408","史跡_名勝_天然記念物_線"
"","","322","3.000000","46図","国指定","天然記念物","白浜の泥岩岩脈　　　　　　　　　　　　名称変更旧名称（瀬戸鉛山村の泥板岩々脈）","しらはまのでいがんがんみゃく","昭6.2.20　　　　　　　
昭15.8.30","白浜町3315番上記地先より731番地先に至る浜地並、朔望満潮線より100ｍ以内の海面同3204-1、3209、3210上記地先浜地並朔望満潮線より100ｍ以内の海面同3739、上記地先浜地並朔望満潮線より200ｍ以内の海面","（白浜町）","","22","白浜町白浜地区","135.362267927341","33.6967049725714","史跡_名勝_天然記念物_線"
"","","262","2.000000","40図","県指定","史跡","中山王子跡","なかやまおうじあと","昭33.4.1","印南町島田2916","王子神社","","20","印南町","135.248291810177","33.7975219665802","史跡_名勝_天然記念物_線"
"","","252","5.000000","40図","県指定","名勝・天然記念物","千里の浜","せんりのはま","昭39.7.20","山内御所谷浜岡38の地先から山内大目津泊り1672の地先まで","国有地（みなべ町）","","19","みなべ町南部地区","135.292698375841","33.7704874034461","史跡_名勝_天然記念物_線"
"","","249","2.000000","40図","県指定","史跡","岩代の結松","いわしろのむすびまつ","昭33.4.1","西岩代字結215-3","西岩代区","","19","みなべ町南部地区","135.271580586579","33.7832010133412","史跡_名勝_天然記念物_線"
"","","350","2.000000","57図","国指定","天然記念物","稲積島暖地性植物群落","いなづみじまだんちせいしょくぶつぐんらく","昭46.3.1","周参見5352-1・2・3稲積島全島","（すさみ町）","","24","すさみ町","135.488352130448","33.5436008055644","史跡_名勝_天然記念物_線"
"","","273","2.000000","47図","国指定","天然記念物","神島","かしま","昭10.12.24","新庄町3972（湾内）","(田辺市)","","21","田辺市田辺地区","135.375481387635","33.7033826437214","史跡_名勝_天然記念物_線"
"","","274","3.000000","47図","国指定","天然記念物","鳥巣半島の泥岩岩脈","とりのすはんとうのでいがんがんみゃく","昭11.9.3","新庄町3902番地先より4173番地先に至る鳥巣半島西岸の国有岩地及上記先300ｍ以内の海面","(田辺市)","","21","田辺市田辺地区","135.380735614653","33.6987123497653","史跡_名勝_天然記念物_線"
"","","300","3.000000","48図","県指定","史跡","鮎川王子跡","あゆかわおうじあと","昭41.12.9","鮎川続659","田辺市","","21","田辺市大塔地区","135.487016073339","33.7314128867084","史跡_名勝_天然記念物_線"
"","","342","5.000000","47図","県指定","天然記念物","岡川八幡神社の社叢","おかがわはちまんじんじゃのしゃそう","昭49.12.9","岡字岡川1981-1","（岡川地区）","5,090㎡","23","上富田町","135.470198240972","33.7478382118573","史跡_名勝_天然記念物_線"
"","","126","10.000000","","県指定","史跡","佐野寺跡","さやでらあと","平28.3.15","大字佐野540番1,541番地","かつらぎ町","","07","かつらぎ町かつらぎ地区","135.488815458964","34.2960672690234","史跡_名勝_天然記念物_線"
"","","392","3.000000","61図","国指定","史跡","下里古墳","しもさとこふん","昭51.2.24","下里356-1・2、357-1・2、1526-1・2、1526-2の西側に接する道路敷を含む","那智勝浦町","","27","那智勝浦町","135.922668740837","33.5842154225933","史跡_名勝_天然記念物_線"
"","","9999","0.000000","","","","","","","","","","","","135.311674999862","34.2472003100434","史跡_名勝_天然記念物_線"
"","","9999","0.000000","","","","","","","","","","","","135.311785060387","34.2470066711748","史跡_名勝_天然記念物_線"
"","","9999","0.000000","","","","","","","","","","","","135.311618322395","34.2473790520089","史跡_名勝_天然記念物_線"
"","","9999","0.000000","","","","","","","","","","","","135.311933489248","34.2471781832313","史跡_名勝_天然記念物_線"
"","","162","3.000000","15図","県指定","史跡","椒の古墳","はじかみのこふん","昭33.4.1","初島町浜経塚978","有田市","","10","有田市","135.120399152127","34.1058805602252","史跡_名勝_天然記念物_線"
"","","27","27.000000","5図","県指定","史跡","車駕之古址古墳","しゃかのこしこふん","平6.4.20","木ノ本釜山715,716,717-1･3･8,721,722,723,724","和歌山市","","01","和歌山市","135.134640804584","34.2628941487072","史跡_名勝_天然記念物_線"
"","","131","2.000000","8図・9図","県指定","名勝","玉川峡（丹生の滝・三ツ滝を含む）","たまがわきょう（にうのたき・みつだきをふくむ）","昭33.4.1","橋本市、九度山町","（橋本市・九度山町）","","08","九度山町","135.607329054371","34.2726281571447","史跡_名勝_天然記念物_線"
"","","142","7.000000","13図","県指定","天然記念物","奥の院の大杉林","おくのいんのおおすぎばやし","昭33.4.1","高野山奥之院墓地","金剛峯寺","","09","高野町","135.604885818551","34.2256343394133","史跡_名勝_天然記念物_線"
"","","157","14.000000","","","","","","","","","","","","135.651999555955","34.2444511068637","史跡_名勝_天然記念物_線"
"","","343","6.000000","47図","国指定","天然記念物","オオウナギ生息地","おおうなぎせいそくち","昭10.5.15","西牟婁郡白浜町富田、上富田町市ノ瀬、田辺市大塔村鮎川","（白浜町）","","23","上富田町","135.443423049601","33.7004104360995","史跡_名勝_天然記念物_線"
"","","408","20.000000","51図・56図","国指定","史跡","熊野参詣道　紀伊路　中辺路　大辺路　小辺路　伊勢路　熊野川　七里御浜　花の窟","くまのさんけいみち　きいじ　なかへち　おおへち　こへち　いせじ　くまのがわ　しちりみはま　はなのいわや　","平12.11.2
平14.12.9分離・追加・名称変更
平24.1.24追加
平27.10.7追加・名称変更
平28.3.1追加
平30.2.13追加","新宮市、田辺市、海南市、有田市、御坊市、那智勝浦町、串本町、白浜町、すさみ町、上富田町、広川町、高野町","(高野町、有田市、広川町、田辺市、御坊市、上富田町、白浜町、すさみ町、串本町、那智勝浦町）","那智勝浦町域：中辺路、大辺路","27","那智勝浦町","135.850947516065","33.7162365013568","史跡_名勝_天然記念物_線"
"","","5","5.000000","10図","国指定","特別史跡","岩橋千塚古墳群","いわせせんづかこふんぐん","昭6.7.31
昭27.3.29特別史跡
昭63.12.21（追）
平12.3.9（追）
平成28.10.3（追）","岩橋、鳴神、下和佐、西、井辺、森小手穂、寺内","（和歌山県）","県立紀伊風土記の丘管理","01","和歌山市","135.228665355244","34.2262352357399","史跡_名勝_天然記念物_線"
"","","6","6.000000","5図","国指定","史跡","大谷古墳","おおたにこふん","昭53.11.15","大谷815-1,817,818,819,822-1,824,824内1号,825,829,830,831-163","（和歌山市）","","01","和歌山市","135.176288731286","34.2617424285375","史跡_名勝_天然記念物_線"
"","","8","8.000000","4図","県指定","天然記念物","友ヶ島深蛇池湿地帯植物群落","ともがしましんじゃいけしっちたいしょくぶつぐんらく","昭33.4.1","深山地番外","和歌山市","","01","和歌山市","135.018217233235","34.2860726892267","史跡_名勝_天然記念物_線"
"","","11","11.000000","6図","県指定","史跡","川辺王子跡","かわなべおうじあと","昭33.4.1","川辺61","力侍神社","","01","和歌山市","135.261637099517","34.2610366853811","史跡_名勝_天然記念物_線"
"","","16","16.000000","11図","県指定","天然記念物","椿の巨樹","つばきのきょじゅ","昭33.4.1","木枕335","個人","1本","01","和歌山市","135.259227206158","34.2096081932205","史跡_名勝_天然記念物_線"
"","","19","19.000000","10図","県指定","史跡","水軒堤防","すいけんていぼう","昭34.4.23","西浜","国有地","","01","和歌山市","135.152495612184","34.2018092316003","史跡_名勝_天然記念物_線"
"","","30","30.000000","","県指定","史跡","雑賀崎台場","さいかざきだいば","平22.4.20","雑賀崎字長尾西原511,512","農林水産省（和歌山県）","","01","和歌山市","135.140038002315","34.1934977404259","史跡_名勝_天然記念物_線"
"","","73","3.000000","7図","県指定","天然記念物","加茂神社の公孫樹","かもじんじゃのいちょうのき","昭33.4.1","西川原308","中地区","1株","04","紀の川市粉河地区","135.430444929391","34.3096848708561","史跡_名勝_天然記念物_線"
"","","419","3.000000","","県指定","名勝・天然記念物","滝ノ拝","たきのはい","平23.3.16","小川地内","河川管理者　和歌山県知事","","29","古座川町","135.766118717976","33.6021789990025","史跡_名勝_天然記念物_線"
"","","369","2.000000","44図","県指定","史跡","一遍上人名号碑建立之地","いっぺんしょうにんみょうごうひこんりゅうのち","昭44.7.14","熊野川町日足165-1","新宮市","","25","新宮市熊野川地区","135.83366047408","33.8077826323321","史跡_名勝_天然記念物_線"
"","","370","3.000000","44図","県指定","天然記念物","御所本の化石漣痕","ごしょのもとのかせきれんこん","昭58.5.24","西2-1のうち実測312.10㎡","個人（新宮市教育委員会）","","25","新宮市熊野川地区","135.839406656365","33.7599512986286","史跡_名勝_天然記念物_線"
"","","356","1.000000","51図","国指定","天然記念物","新宮藺沢浮島植物群落","しんぐういのそ　うきじましょくぶつぐんらく","昭2.4.8／　　　　　　　　
昭14.7.31追加／
平成15.8.27追加、一部解除","新宮8000
1099-10 内実測114坪2合5勺
1102-3 内実測94坪1合2勺
1102-8 内実測102坪3合2勺
1102-11
1105-2 内実測4坪7合9勺
1105-3 内実測19坪7合6勺
1105-4 内実測9坪6合8勺
1105-5 内実測19坪5合3勺
1105-6 内実測13坪8合6勺
1105-7 内実測6坪6合7勺
1106-1 内実測62坪4合8","（新宮市）","","25","新宮市新宮地区","135.990142658854","33.725545615116","史跡_名勝_天然記念物_線"
"","","361","9.000000","51図","国指定","史跡","熊野三山","くまのさんざん","平12.11.2　　　　　
平14.12.19分離・追加・名称変更","新宮市、田辺市（旧本宮町）、那智勝浦町","熊野本宮大社・熊野那智大社・熊野速玉大社・那智山青岸渡寺・農林水産省","熊野速玉大社","25","新宮市新宮地区","135.981822724008","33.7272979350566","史跡_名勝_天然記念物_線"
"","","363","12.000000","51図","国指定","史跡","新宮城跡附水野家墓所","しんぐうじょうあとつけたりみずのけぼしょ","平成15.8.27","新宮字丹鶴7687-19,7688-1・2・8～12,7690-2～4・15・16・22・24・27～32・35～37・39・41,7691-1・4,7692,7693,7693-1,7694-2・3・6・7・7689,新宮字石ヶ坪2104の内実測3254.77㎡","（新宮市）","","25","新宮市新宮地区","135.985985873805","33.7180654809199","史跡_名勝_天然記念物_線"
"","","360","8.000000","51図","県指定","史跡","書写妙法蓮華経印塔","しょしゃみょうほうれんげきょういんとう","昭44.4.23","新宮656","本広寺","","25","新宮市新宮地区","135.985437853014","33.7277392623102","史跡_名勝_天然記念物_線"
"","","138","1.000000","13図","国指定","名勝","天徳院庭園","てんとくいんていえん","昭45.6.26","高野山370の内実測2,334.75㎡","天徳院","","09","高野町","135.583934960321","34.2116223575404","史跡_名勝_天然記念物_線"
"","","143","9.000000","13図","県指定","名勝","宝善院庭園","ほうぜんいんていえん","昭41.12.9","高野山568","宝善院","","09","高野町","135.594946415957","34.2132264957644","史跡_名勝_天然記念物_線"
"","","144","15.000000","13図","国指定","史跡","熊野参詣道　紀伊路　中辺路　大辺路　小辺路　伊勢路　熊野川　七里御浜　花の窟","くまのさんけいみち　きいじ　なかへち　おおへち　こへち　いせじ　くまのがわ　しちりみはま　はなのいわや　","平12.11.2
平14.12.9分離・追加・名称変更
平24.1.24追加
平27.10.7追加・名称変更
平28.3.1追加
平30.2.13追加","新宮市、田辺市、海南市、有田市、御坊市、那智勝浦町、串本町、白浜町、すさみ町、上富田町、広川町、高野町","(高野町、有田市、広川町、田辺市、御坊市、上富田町、白浜町、すさみ町、串本町、那智勝浦町）","高野町域：小辺路","09","高野町","135.607098138034","34.1827004837777","史跡_名勝_天然記念物_線"
"","","145","16.000000","","県指定","史跡","豊臣家墓所","とよとみけぼしょ","昭33.4.1","高野山奥之院墓地","金剛峯寺","","09","高野町","135.605467768476","34.2208849746533","史跡_名勝_天然記念物_線"
"","","146","17.000000","","県指定","史跡","禅尼上智碑","ぜんにじょうちひ","昭33.4.1","高野山奥之院墓地","金剛峯寺","1基","09","高野町","135.602679360323","34.2172229119941","史跡_名勝_天然記念物_線"
"","","147","18.000000","","県指定","史跡","高麗陣敵味方戦死者供養碑","こうらいじんてきみかたせんししゃくようひ","昭33.4.1","高野山奥之院墓地","正智院","1基","09","高野町","135.603605385191","34.2179981944899","史跡_名勝_天然記念物_線"
"","","148","19.000000","","県指定","史跡","武田信玄・武田勝頼墓地","たけだしんげん・たけだかつよりぼち","昭43.4.16","高野山奥之院墓地","桜池院","","09","高野町","135.598507752516","34.2163054256022","史跡_名勝_天然記念物_線"
"","","149","20.000000","","県指定","史跡","崇源夫人五輪石塔","すうげんふじんごりんせきとう","昭34.1.8","高野山奥之院墓地","蓮華院","1基","09","高野町","135.604416428818","34.2194260065169","史跡_名勝_天然記念物_線"
"","","150","21.000000","","県指定","天然記念物","丹生神社のトガサワラ","にうじんじゃのとがさわら","平27.1.15","高野町相ノ浦318","相ノ浦丹生神社","1本","09","高野町","135.58978600651","34.1694153642174","史跡_名勝_天然記念物_線"
"","","151","22.000000","","国登録","名勝地関係","光臺院庭園","こうだいいんていえん","平22.2.22","高野山字五ノ室谷648","金剛峯寺・光臺院","","09","高野町","135.585166767375","34.2172355496108","史跡_名勝_天然記念物_線"
"","","152","23.000000","","国登録","名勝地関係","西禅院庭園","せいぜんいんていえん","平22.2.22","高野山字谷上154","金剛峯寺・西禅院","","09","高野町","135.579612512258","34.2142953886743","史跡_名勝_天然記念物_線"
"","","153","24.000000","","国登録","名勝地関係","正智院庭園","しょうちいんていえん","平22.2.22","高野山字谷上159-1","金剛峯寺・正智院","","09","高野町","135.578628330061","34.2146882328805","史跡_名勝_天然記念物_線"
"","","154","25.000000","","国登録","名勝地関係","本覚院庭園","ほんがくいんていえん","平22.2.22","高野山字千手院谷624","金剛峯寺・本覚院","","09","高野町","135.58722114368","34.2157299119537","史跡_名勝_天然記念物_線"
"","","155","26.000000","","国登録","名勝地関係","桜池院庭園","おうちいんていえん","平22.2.22","高野山字西院谷293-1","金剛峯寺・桜池院","","09","高野町","135.57879161869","34.2116837214631","史跡_名勝_天然記念物_線"
"","","156","27.000000","","国登録","名勝地関係","光臺院書院庭園","こうだいいんしょいんていえん","平29.10.13","高野山字五ノ室谷649","金剛峯寺・光臺院","","09","高野町","135.585001271955","34.2175925443579","史跡_名勝_天然記念物_線"
"","","163","4.000000","","県指定","史跡","「紀州みかん」最初の地　附紀州柑橘剏祖之碑","「きしゅうみかん」さいしょのち　つけたりきしゅうかんきつしょうそのひ","平23.3.15","糸我町中番1096のうち26.7㎡　糸我町中番1248-1のうち118.0㎡","個人、安生寺","","10","有田市","135.182290895398","34.0661370677984","史跡_名勝_天然記念物_線"
"","","164","5.000000","","国指定","史跡","熊野参詣道　紀伊路　中辺路　大辺路　小辺路　伊勢路　熊野川　七里御浜　花の窟","くまのさんけいみち　きいじ　なかへち　おおへち　こへち　いせじ　くまのがわ　しちりみはま　はなのいわや　","平12.11.2
平14.12.9分離・追加・名称変更
平24.1.24追加
平27.10.7追加・名称変更
平28.3.1追加
平30.2.13追加","新宮市、田辺市、海南市、有田市、御坊市、那智勝浦町、串本町、白浜町、すさみ町、上富田町、広川町、高野町","(高野町、有田市、広川町、田辺市、御坊市、上富田町、白浜町、すさみ町、串本町、那智勝浦町）","有田市域：紀伊路","10","有田市","135.179373210245","34.057157176809","史跡_名勝_天然記念物_線"
"","","191","4.000000","21図","県指定","史跡","宗祗法師屋敷跡","そうぎほうしやしきあと","昭43.6.27","下津野南垣内1014番地","個人","","13","有田川町吉備地区","135.210125024323","34.0627892684848","史跡_名勝_天然記念物_線"
"","","192","5.000000","","県指定","天然記念物","藤並神社のイチイガシ","ふじなみじんじゃのいちいがし","平23.3.15","天満722番地","藤並神社","1本","13","有田川町吉備地区","135.204959085209","34.0635781865499","史跡_名勝_天然記念物_線"
"","","193","6.000000","","県指定","天然記念物","田殿丹生神社夏瀬の森のクスノキ","たどのにゅうじんじゃなつせのもりのくすのき","平24.7.20","船坂1051番地1","個人","1本","13","有田川町吉備地区","135.22372051712","34.0759263331138","史跡_名勝_天然記念物_線"
"","","199","4.000000","","県指定","天然記念物","浄土寺のクス","じょうどじのくす","平24.7.20","西ヶ峯1466番地","浄土寺","1本","13","有田川町金屋地区","135.27607502269","34.0962669413894","史跡_名勝_天然記念物_線"
"","","204","3.000000","","県指定","天然記念物","生石神社社叢","おいしじんじゃしゃそう","平24.7.20","楠本1265番地1","生石神社","19,047㎡","13","有田川町清水地区","135.337538853975","34.1050431983291","史跡_名勝_天然記念物_線"
"","","203","2.000000","","国選定","国選定重要文化的景観","蘭島及び三田・清水の農山村景観","あらぎじまおよびみた・しみずののうさんそんけいかん","平25.10.17","大字清水町蘭島1番地ほか,清水の一部,三田の一部,有田川の一部,二級河川有田川の一部,二級河川湯川川の一部,二級河川宮川谷川の一部","","","13","有田川町清水地区","135.422928010173","34.0865870658508","史跡_名勝_天然記念物_線"
"","","242","1.000000","26図","県指定","史跡","尊光寺","そんこうじ","昭33.4.1","千津川4600-1","尊光寺","","18","日高川町川辺地区","135.185821696941","33.9259905074233","史跡_名勝_天然記念物_線"
"","","243","2.000000","","国指定","史跡","道成寺境内","どうじょうじけいだい","平25.3.27","大字鐘巻字南片1437番1外　22筆","宗教法人　道成寺","","18","日高川町川辺地区","135.174676596166","33.9150345820665","史跡_名勝_天然記念物_線"
"","","321","2.000000","46図","国指定","天然記念物","白浜の化石漣痕　　　　　　　　　　　　　名称変更旧名称（瀬戸鉛山村の地層面の漣痕）","しらはまのかせきれんこん","昭6.2.20　　　　　　　
昭15.8.30","白浜町3700同3699上記先より406の1地先に至る浜地並、朔望満潮線より100ｍ以内の海面","（白浜町）","","22","白浜町白浜地区","135.35188471752","33.6941674535354","史跡_名勝_天然記念物_線"
"","","320","1.000000","47図・52図","国指定","天然記念物","オオウナギ生息地","おおうなぎせいそくち","大12.3.7　　　　　　　
昭10.5.15","西牟婁郡白浜町富田、上富田町市ノ瀬、田辺市大塔村鮎川","国（河川管理者：和歌山県、白浜町）","","22","白浜町白浜地区","135.40589689863","33.6621703756034","史跡_名勝_天然記念物_線"
"","","322","3.000000","46図","国指定","天然記念物","白浜の泥岩岩脈　　　　　　　　　　　　名称変更旧名称（瀬戸鉛山村の泥板岩々脈）","しらはまのでいがんがんみゃく","昭6.2.20　　　　　　　
昭15.8.30","白浜町3315番上記地先より731番地先に至る浜地並、朔望満潮線より100ｍ以内の海面同3204-1、3209、3210上記地先浜地並朔望満潮線より100ｍ以内の海面同3739、上記地先浜地並朔望満潮線より200ｍ以内の海面","（白浜町）","","22","白浜町白浜地区","135.342044747098","33.6852970739678","史跡_名勝_天然記念物_線"
"","","323","4.000000","52図","県指定","史跡","安久川の千躰仏","あくがわのせんたいぶつ","昭33.4.1","白浜町才野1635-1・2","個人","","22","白浜町白浜地区","135.377654945945","33.6543499660418","史跡_名勝_天然記念物_線"
"","","325","6.000000","46図","県指定","天然記念物","熊野三所神社の社叢","くまのさんしょじんじゃのしゃそう","昭47.4.13","白浜町3315","熊野三所神社","","22","白浜町白浜地区","135.342306619308","33.6851057103635","史跡_名勝_天然記念物_線"
"","","329","10.000000","","県指定","天然記念物","保呂の虫喰岩","ほろのむしくいいわ","平23.3.15","保呂字清水谷695番1","保呂区","","22","白浜町白浜地区","135.414383710452","33.6792661804595","史跡_名勝_天然記念物_線"
"","","330","12.000000","","国指定","名勝","南方曼陀羅の風景地　神島、鬪?神社、須佐神社、伊作田稲荷神社、継桜王子、高原熊野神社、奇絶峡、龍神山、八上神社、田中神社、九龍島、金刀比羅神社、天神崎","みなかたまんだらのふうけいち　かしま、とうけいじんじゃ、すさじんじゃ、いさいだいなりじんじゃ、つぎざくらおうじ、たかはらくまのじんじゃ、きぜつきょう、りゅうぜんさん、やがみじんじゃ、たなかじんじゃ、くろしま、ことひらじんじゃ、てんじんざき","平27.10.7","田辺市、上富田町、白浜町、串本町","（田辺市、上富田町、白浜町、串本町）","金刀比羅神社","22","白浜町白浜地区","135.384270890285","33.6498050019396","史跡_名勝_天然記念物_線"
"","","336","3.000000","","県指定","天然記念物","ヨドシロヘリハンミョウ生息地","よどしろへりはんみょうせいそくち","平28.5.26","","国、白浜町","23,626㎡","22","白浜町日置川地区","135.455302244663","33.5677365364498","史跡_名勝_天然記念物_線"
"","","335","2.000000","52図","国指定","史跡","熊野参詣道　紀伊路　中辺路　大辺路　小辺路　伊勢路　熊野川　七里御浜　花の窟","くまのさんけいみち　きいじ　なかへち　おおへち　こへち　いせじ　くまのがわ　しちりみはま　はなのいわや　","平12.11.2
平14.12.9分離・追加・名称変更
平24.1.24追加
平27.10.7追加・名称変更
平28.3.1追加
平30.2.13追加","新宮市、田辺市、海南市、有田市、御坊市、那智勝浦町、串本町、白浜町、すさみ町、上富田町、広川町、高野町","(高野町、有田市、広川町、田辺市、御坊市、上富田町、白浜町、すさみ町、串本町、那智勝浦町）","白浜町域：大辺路","22","白浜町日置川地区","135.486898613059","33.5959113636165","史跡_名勝_天然記念物_線"
"","","340","1.000000","47図","県指定","天然記念物","田中神社の森（岡藤）","たなかじんじゃのもり（おかふじ）","昭31.11.13","岡字宮代408","八上神社","","23","上富田町","135.444546770371","33.720776650001","史跡_名勝_天然記念物_線"
"","","341","4.000000","47図","県指定","史跡","一瀬王子跡","いちのせおうじあと","昭33.4.1","市ノ瀬字小山1592","個人","","23","上富田町","135.476648959741","33.7163065380955","史跡_名勝_天然記念物_線"
"","","31","31.000000","","県指定","史跡","平井1号墳及び平井埴輪窯跡群","ひらいいちごうふんおよびひらいはにわかまあとぐん","平28.5.26","平井字東垣内193番1、203番、203番地先水路、193番1地先水路、字前原798番16","国土交通省","3基","01","和歌山市","135.170366407865","34.262300818686","史跡_名勝_天然記念物_線"
"","","140","3.000000","13図","国指定","史跡","金剛峯寺境内　","こんごうぶじけいだい","昭52.7.14／平14.9.20追加","高野山（図面告示のため、高野町、和歌山県教育委員会で縦覧）","金剛峯寺ほか","","09","高野町","135.593218329867","34.2235329524248","史跡_名勝_天然記念物_線"
"","","327","8.000000","","国指定","名勝","円月島（高嶋）・千畳敷・三段壁","えんげつどう（たかしま）・せんじょうじき・さんだんぺき","平22.8.5／平23.9.21追加・名称変更／平29.10.13追加・名称変更","円月島：白浜町高嶋
千畳敷：白浜町瓜切
三段壁：白浜町瓜切","国・白浜町","","22","白浜町白浜地区","135.336297771609","33.6900163738738","史跡_名勝_天然記念物_線"
"","","327","8.000000","","国指定","名勝","円月島（高嶋）・千畳敷・三段壁","えんげつどう（たかしま）・せんじょうじき・さんだんぺき","平22.8.5／平23.9.21追加・名称変更／平29.10.13追加・名称変更","円月島：白浜町高嶋
千畳敷：白浜町瓜切
三段壁：白浜町瓜切","国・白浜町","","22","白浜町白浜地区","135.329863224036","33.6709840216287","史跡_名勝_天然記念物_線"
"","","327","8.000000","","国指定","名勝","円月島（高嶋）・千畳敷・三段壁","えんげつどう（たかしま）・せんじょうじき・さんだんぺき","平22.8.5／平23.9.21追加・名称変更／平29.10.13追加・名称変更","円月島：白浜町高嶋
千畳敷：白浜町瓜切
三段壁：白浜町瓜切","国・白浜町","","22","白浜町白浜地区","135.333564630777","33.6655432526088","史跡_名勝_天然記念物_線"
"","","345","8.000000","","国指定","史跡","熊野参詣道　紀伊路　中辺路　大辺路　小辺路　伊勢路　熊野川　七里御浜　花の窟","くまのさんけいみち　きいじ　なかへち　おおへち　こへち　いせじ　くまのがわ　しちりみはま　はなのいわや　","平12.11.2
平14.12.9分離・追加・名称変更
平24.1.24追加
平27.10.7追加・名称変更
平28.3.1追加
平30.2.13追加","新宮市、田辺市、海南市、有田市、御坊市、那智勝浦町、串本町、白浜町、すさみ町、上富田町、広川町、高野町","(高野町、有田市、広川町、田辺市、御坊市、上富田町、白浜町、すさみ町、串本町、那智勝浦町）","上富田町域：中辺路","23","上富田町","135.439682380452","33.7260869525623","史跡_名勝_天然記念物_線"
"","","345","8.000000","","国指定","史跡","熊野参詣道　紀伊路　中辺路　大辺路　小辺路　伊勢路　熊野川　七里御浜　花の窟","くまのさんけいみち　きいじ　なかへち　おおへち　こへち　いせじ　くまのがわ　しちりみはま　はなのいわや　","平12.11.2
平14.12.9分離・追加・名称変更
平24.1.24追加
平27.10.7追加・名称変更
平28.3.1追加
平30.2.13追加","新宮市、田辺市、海南市、有田市、御坊市、那智勝浦町、串本町、白浜町、すさみ町、上富田町、広川町、高野町","(高野町、有田市、広川町、田辺市、御坊市、上富田町、白浜町、すさみ町、串本町、那智勝浦町）","上富田町域：中辺路","23","上富田町","135.454096915901","33.7129097847947","史跡_名勝_天然記念物_線"
"","","344","7.000000","","国指定","名勝","南方曼陀羅の風景地　神島、鬪?神社、須佐神社、伊作田稲荷神社、継桜王子、高原熊野神社、奇絶峡、龍神山、八上神社、田中神社、九龍島、金刀比羅神社、天神崎","みなかたまんだらのふうけいち　かしま、とうけいじんじゃ、すさじんじゃ、いさいだいなりじんじゃ、つぎざくらおうじ、たかはらくまのじんじゃ、きぜつきょう、りゅうぜんさん、やがみじんじゃ、たなかじんじゃ、くろしま、ことひらじんじゃ、てんじんざき","平27.10.7","田辺市、上富田町、白浜町、串本町","（田辺市、上富田町、白浜町、串本町）","八上神社、田中神社","23","上富田町","135.44455154305","33.7206858921526","史跡_名勝_天然記念物_線"
"","","28","28.000000","","国指定","名勝","和歌の浦","わかのうら","平22.8.5
平26.10.6（追）","和歌浦中三丁目1057,南三丁目1680番34外28筆等和歌浦西二丁目1305番1外20筆等","国・和歌山県・和歌山市・宗教法人東照宮・宗教法人・天満神社ほか","和歌浦中三丁目1057,南三丁目1680番34外28筆等,和歌浦西二丁目1305番1外20筆等","01","和歌山市","135.164765995929","34.1910950262621","史跡_名勝_天然記念物_線"
"","","28","28.000000","","国指定","名勝","和歌の浦","わかのうら","平22.8.5
平26.10.6（追）","和歌浦中三丁目1057,南三丁目1680番34外28筆等和歌浦西二丁目1305番1外20筆等","国・和歌山県・和歌山市・宗教法人東照宮・宗教法人・天満神社ほか","和歌浦中三丁目1057,南三丁目1680番34外28筆等,和歌浦西二丁目1305番1外20筆等","01","和歌山市","135.176669789291","34.1786100117816","史跡_名勝_天然記念物_線"
"","","326","7.000000","52図","国指定","史跡","熊野参詣道　紀伊路　中辺路　大辺路　小辺路　伊勢路　熊野川　七里御浜　花の窟","くまのさんけいみち　きいじ　なかへち　おおへち　こへち　いせじ　くまのがわ　しちりみはま　はなのいわや　","平12.11.2
平14.12.9分離・追加・名称変更
平24.1.24追加
平27.10.7追加・名称変更
平28.3.1追加
平30.2.13追加","新宮市、田辺市、海南市、有田市、御坊市、那智勝浦町、串本町、白浜町、すさみ町、上富田町、広川町、高野町","(高野町、有田市、広川町、田辺市、御坊市、上富田町、白浜町、すさみ町、串本町、那智勝浦町）","白浜町域：大辺路","22","白浜町白浜地区","135.40720343626","33.6408119199621","史跡_名勝_天然記念物_線"
"","","326","7.000000","52図","国指定","史跡","熊野参詣道　紀伊路　中辺路　大辺路　小辺路　伊勢路　熊野川　七里御浜　花の窟","くまのさんけいみち　きいじ　なかへち　おおへち　こへち　いせじ　くまのがわ　しちりみはま　はなのいわや　","平12.11.2
平14.12.9分離・追加・名称変更
平24.1.24追加
平27.10.7追加・名称変更
平28.3.1追加
平30.2.13追加","新宮市、田辺市、海南市、有田市、御坊市、那智勝浦町、串本町、白浜町、すさみ町、上富田町、広川町、高野町","(高野町、有田市、広川町、田辺市、御坊市、上富田町、白浜町、すさみ町、串本町、那智勝浦町）","白浜町域：大辺路","22","白浜町白浜地区","135.430705083395","33.6287354148203","史跡_名勝_天然記念物_線"
"","","371","4.000000","44図","国指定","史跡","熊野参詣道　紀伊路　中辺路　大辺路　小辺路　伊勢路　熊野川　七里御浜　花の窟","くまのさんけいみち　きいじ　なかへち　おおへち　こへち　いせじ　くまのがわ　しちりみはま　はなのいわや　","平12.11.2
平14.12.9分離・追加・名称変更
平24.1.24追加
平27.10.7追加・名称変更
平28.3.1追加
平30.2.13追加","新宮市、田辺市、海南市、有田市、御坊市、那智勝浦町、串本町、白浜町、すさみ町、上富田町、広川町、高野町","(高野町、有田市、広川町、田辺市、御坊市、上富田町、白浜町、すさみ町、串本町、那智勝浦町）","新宮市域：中辺路、伊勢路、熊野川","25","新宮市熊野川地区","135.832622910144","33.780652396311","史跡_名勝_天然記念物_線"
"","","371","4.000000","44図","国指定","史跡","熊野参詣道　紀伊路　中辺路　大辺路　小辺路　伊勢路　熊野川　七里御浜　花の窟","くまのさんけいみち　きいじ　なかへち　おおへち　こへち　いせじ　くまのがわ　しちりみはま　はなのいわや　","平12.11.2
平14.12.9分離・追加・名称変更
平24.1.24追加
平27.10.7追加・名称変更
平28.3.1追加
平30.2.13追加","新宮市、田辺市、海南市、有田市、御坊市、那智勝浦町、串本町、白浜町、すさみ町、上富田町、広川町、高野町","(高野町、有田市、広川町、田辺市、御坊市、上富田町、白浜町、すさみ町、串本町、那智勝浦町）","新宮市域：中辺路、伊勢路、熊野川","25","新宮市熊野川地区","135.852129067078","33.8192301899501","史跡_名勝_天然記念物_線"
"","","362","10.000000","51図","国指定","史跡","熊野参詣道　紀伊路　中辺路　大辺路　小辺路　伊勢路　熊野川　七里御浜　花の窟","くまのさんけいみち　きいじ　なかへち　おおへち　こへち　いせじ　くまのがわ　しちりみはま　はなのいわや　","平12.11.2
平14.12.9分離・追加・名称変更
平24.1.24追加
平27.10.7追加・名称変更
平28.3.1追加
平30.2.13追加","新宮市、田辺市、海南市、有田市、御坊市、那智勝浦町、串本町、白浜町、すさみ町、上富田町、広川町、高野町","(高野町、有田市、広川町、田辺市、御坊市、上富田町、白浜町、すさみ町、串本町、那智勝浦町）","新宮市域：中辺路、伊勢路、熊野川","25","新宮市新宮地区","135.937054375366","33.7556481045432","史跡_名勝_天然記念物_線"
"","","44","1.000000","16図","国指定","史跡","和歌山藩主徳川家墓所","わかやまはんしゅとくがわけぼしょ","昭56.5.2","上684,685,686,689,690,691-1,691-2,692-1,692-10,704-5,右の地域内に介在する道路敷（692-10に接するものを含む）水路敷（685の北側に接するもの、並びに689及692-10の西側に接するものを含む）及び同地域にある橋梁を含む","長保寺、海南市","","02","海南市下津地区","135.16670724886","34.1087543709946","史跡_名勝_天然記念物_線"
"","","46","4.000000","16図","県指定","天然記念物","長保寺の林叢","ちょうほうじのりんそう","昭46.3.22","上691-1･2","長保寺","340アール","02","海南市下津地区","135.166844666781","34.1087543741334","史跡_名勝_天然記念物_線"
"","","47","5.000000","16図","県指定","天然記念物","蛭子神社の社叢","えびすじんじゃのしゃそう","昭46.3.22","塩津119","蛭子神社","10.8アール","02","海南市下津地区","135.165749264614","34.134084644617","史跡_名勝_天然記念物_線"
"","","50","10.000000","16図","県指定","史跡","橘本王子跡","きつもとおうじあと","昭49.4.9","橘本1084-2","阿弥陀寺","16㎡","02","海南市下津地区","135.195061467188","34.1282439549807","史跡_名勝_天然記念物_線"
"","","51","11.000000","","県指定","史跡","福勝寺境内（熊野参詣道　紀伊路）","ふくしょうじ（くまのさんけいみち　きいじ）","平24.7.20","橘本1063,1064,1065,1066-1","福勝寺","5236㎡","02","海南市下津地区","135.193402408401","34.1285969898752","史跡_名勝_天然記念物_線"
"","","40","6.000000","","国指定","名勝","琴ノ浦温山荘庭園","ことのうらおんざんそうていえん","平22.2.22","海南市船尾370-1","(公財)琴ノ浦温山荘園","","02","海南市旧海南地域","135.194453083655","34.1582028085501","史跡_名勝_天然記念物_線"
"","","41","7.000000","","国指定","史跡","熊野参詣道　紀伊路　中辺路　大辺路　小辺路　伊勢路　熊野川　七里御浜　花の窟","くまのさんけいみち　きいじ　なかへち　おおへち　こへち　いせじ　くまのがわ　しちりみはま　はなのいわや　","平12.11.2
平14.12.9分離・追加・名称変更
平24.1.24追加
平27.10.7追加・名称変更
平28.3.1追加
平30.2.13追加","新宮市、田辺市、海南市、有田市、御坊市、那智勝浦町、串本町、白浜町、すさみ町、上富田町、広川町、高野町","(高野町、有田市、広川町、田辺市、御坊市、上富田町、白浜町、すさみ町、串本町、那智勝浦町）","海南市域：紀伊路","02","海南市旧海南地域","135.202701748443","34.1390184487765","史跡_名勝_天然記念物_線"
"","","58","2.000000","17図","県指定","天然記念物","釜滝の甌穴","かまたきのおうけつ","昭46.3.22","釜滝真国川にかかる井戸ノ瀬橋（八十子橋）から上流へ400ｍの間","和歌山県（紀美野町）","","03","紀美野町野上地区","135.34893918612","34.1645000823961","史跡_名勝_天然記念物_線"
"","","90","1.000000","6図","国指定","史跡","西国分塔跡","にしこくぶとうあと","昭3.2.7／昭60.4.13追加・一部解除","西国分494-1の一部、同511に北接する市道の一部","（岩出市）","","05","岩出市","135.331423324193","34.2660012738757","史跡_名勝_天然記念物_線"
"","","91","2.000000","6図","国指定","名勝","根来寺庭園","ねごろじていえん","昭33.5.15／平19.2.6追加・一部解除","根来2287他","根来寺","","05","岩出市","135.316091524273","34.2875408669867","史跡_名勝_天然記念物_線"
"","","95","6.000000","11図","県指定","史跡","船戸山古墳群","ふなとやまこふんぐん","昭42.4.14
平29.4.18追加","和歌山市上三毛1113番1
船戸200番3","地蔵寺
岩出市","1,965㎡","05","岩出市","135.311725538418","34.2472003335474","史跡_名勝_天然記念物_線"
"","","97","8.000000","","国指定","史跡","根来寺境内","ねごろじけいだい","平19.2.6／平22.2．22追加","岩出市根来2166-1他","根来寺","","05","岩出市","135.316125193831","34.2912141800659","史跡_名勝_天然記念物_線"
"","","102","1.000000","8図","県指定","史跡","戸谷新右衛門の墓地","とやしんえもんのぼち","昭35.3.12","南馬場1002","個人","","06","橋本市橋本地区","135.591936878158","34.3059512206259","史跡_名勝_天然記念物_線"
"","","103","2.000000","8図","県指定","史跡","神野々廃寺塔跡","こののはいじとうあと","昭40.4.14","神野々956","個人","","06","橋本市橋本地区","135.578324160666","34.307823961641","史跡_名勝_天然記念物_線"
"","","105","4.000000","8図","県指定","史跡","大畑才蔵勝善の墓","おおはたさいぞうかつよしのはか","昭44.4.23","学文路986","個人","","06","橋本市橋本地区","135.587536604172","34.2955682423469","史跡_名勝_天然記念物_線"
"","","108","8.000000","","国指定","史跡","高野参詣道　町石道　三谷坂　京大坂道不動坂　黒河道　女人道","こうやさんけいみち　ちょいしみち、みたにざか、きょうおおさかみちふどうざか、くろこみち、にょにんみち","昭52.7.14
平9.3.6追加
平27.10.7追加・名称変更
平28.3.1追加","橋本市、高野町、かつらぎ町、九度山町","（橋本市）","橋本市域：黒河道","06","橋本市橋本地区","135.614783928021","34.2948381312055","史跡_名勝_天然記念物_線"
"","","109","9.000000","","県指定","史跡","定福寺境内（高野参詣道　黒河道）","じょうふくじけいだい（こうやさんけいみち　くろこみち）","平24.7.20","賢堂285,286","定福寺","985㎡","06","橋本市橋本地区","135.612693360097","34.3088386377216","史跡_名勝_天然記念物_線"
"","","120","1.000000","8図・13図","国指定","史跡","高野参詣道　町石道　三谷坂　京大坂道不動坂　黒河道　女人道","こうやさんけいみち　ちょいしみち、みたにざか、きょうおおさかみちふどうざか、くろこみち、にょにんみち","昭52.7.14
平9.3.6追加
平27.10.7追加・名称変更
平28.3.1追加","橋本市、高野町、かつらぎ町、九度山町","（かつらぎ町）","かつらぎ町域：町石道、三谷坂","07","かつらぎ町かつらぎ地区","135.520236935018","34.2858499849666","史跡_名勝_天然記念物_線"
"","","120","1.000000","8図・13図","国指定","史跡","高野参詣道　町石道　三谷坂　京大坂道不動坂　黒河道　女人道","こうやさんけいみち　ちょいしみち、みたにざか、きょうおおさかみちふどうざか、くろこみち、にょにんみち","昭52.7.14
平9.3.6追加
平27.10.7追加・名称変更
平28.3.1追加","橋本市、高野町、かつらぎ町、九度山町","（かつらぎ町）","かつらぎ町域：町石道、三谷坂","07","かつらぎ町かつらぎ地区","135.523211390378","34.2694164864844","史跡_名勝_天然記念物_線"
"","","120","1.000000","8図・13図","国指定","史跡","高野参詣道　町石道　三谷坂　京大坂道不動坂　黒河道　女人道","こうやさんけいみち　ちょいしみち、みたにざか、きょうおおさかみちふどうざか、くろこみち、にょにんみち","昭52.7.14
平9.3.6追加
平27.10.7追加・名称変更
平28.3.1追加","橋本市、高野町、かつらぎ町、九度山町","（かつらぎ町）","かつらぎ町域：町石道、三谷坂","07","かつらぎ町かつらぎ地区","135.534225026457","34.2638993325278","史跡_名勝_天然記念物_線"
"","","37","2.000000","16図","県指定","史跡","松代王子跡","まつしろおうじあと","昭33.4.1","大野中松代1056","春日神社","","02","海南市旧海南地域","135.224222675745","34.1554045914482","史跡_名勝_天然記念物_線"
"","","38","3.000000","16図","県指定","史跡","祓戸王子跡","はらいどおうじあと","昭33.4.1","鳥居北浦257-1","藤白神社","","02","海南市旧海南地域","135.215222587638","34.1478109487162","史跡_名勝_天然記念物_線"
"","","39","5.000000","16図","県指定","史跡","松坂王子跡","まつさかおうじあと","昭49.4.9","且来1426-1","個人","27㎡","02","海南市旧海南地域","135.232120564994","34.167617195233","史跡_名勝_天然記念物_線"
"","","41","7.000000","","国指定","史跡","熊野参詣道　紀伊路　中辺路　大辺路　小辺路　伊勢路　熊野川　七里御浜　花の窟","くまのさんけいみち　きいじ　なかへち　おおへち　こへち　いせじ　くまのがわ　しちりみはま　はなのいわや　","平12.11.2
平14.12.9分離・追加・名称変更
平24.1.24追加
平27.10.7追加・名称変更
平28.3.1追加
平30.2.13追加","新宮市、田辺市、海南市、有田市、御坊市、那智勝浦町、串本町、白浜町、すさみ町、上富田町、広川町、高野町","(高野町、有田市、広川町、田辺市、御坊市、上富田町、白浜町、すさみ町、串本町、那智勝浦町）","海南市域：紀伊路","02","海南市旧海南地域","135.209950433907","34.1446078352346","史跡_名勝_天然記念物_線"
"","","41","7.000000","","国指定","史跡","熊野参詣道　紀伊路　中辺路　大辺路　小辺路　伊勢路　熊野川　七里御浜　花の窟","くまのさんけいみち　きいじ　なかへち　おおへち　こへち　いせじ　くまのがわ　しちりみはま　はなのいわや　","平12.11.2
平14.12.9分離・追加・名称変更
平24.1.24追加
平27.10.7追加・名称変更
平28.3.1追加
平30.2.13追加","新宮市、田辺市、海南市、有田市、御坊市、那智勝浦町、串本町、白浜町、すさみ町、上富田町、広川町、高野町","(高野町、有田市、広川町、田辺市、御坊市、上富田町、白浜町、すさみ町、串本町、那智勝浦町）","海南市域：紀伊路","02","海南市旧海南地域","135.195493004234","34.1145888507771","史跡_名勝_天然記念物_線"
"","","45","2.000000","16図","県指定","史跡","所阪王子跡","ところざかおうじあと","昭33.4.1","橘本779","橘本神社","","02","海南市下津地区","135.195930126726","34.1242414409643","史跡_名勝_天然記念物_線"
"","","48","6.000000","16図","県指定","史跡","明秀上人廟所","みょうしゅうしょうにんびょうしょ","昭46.3.22","曽根田651","光雲寺","","02","海南市下津地区","135.208571649983","34.1281960909273","史跡_名勝_天然記念物_線"
"","","52","12.000000","","国指定","史跡","熊野参詣道　紀伊路　中辺路　大辺路　小辺路　伊勢路　熊野川　七里御浜　花の窟","くまのさんけいみち　きいじ　なかへち　おおへち　こへち　いせじ　くまのがわ　しちりみはま　はなのいわや　","平12.11.2
平14.12.9分離・追加・名称変更
平24.1.24追加
平27.10.7追加・名称変更
平28.3.1追加
平30.2.13追加","新宮市、田辺市、海南市、有田市、御坊市、那智勝浦町、串本町、白浜町、すさみ町、上富田町、広川町、高野町","(高野町、有田市、広川町、田辺市、御坊市、上富田町、白浜町、すさみ町、串本町、那智勝浦町）","海南市域：紀伊路","02","海南市下津地区","135.199233448597","34.1365853128145","史跡_名勝_天然記念物_線"
"","","107","7.000000","","県指定","史跡","隅田八幡神社経塚","すだはちまんじんじゃきょうづか","平19.6.12","隅田町","隅田八幡神社","","06","橋本市橋本地区","135.64548495772","34.3334707343082","史跡_名勝_天然記念物_線"
"","","125","9.000000","","県指定","史跡","三谷坂","みたにざか","平23.3.15
平28.3.15一部解除","大字三谷641番地先～1079番1地先","かつらぎ町","","07","かつらぎ町かつらぎ地区","135.518992803073","34.281221603803","史跡_名勝_天然記念物_線"
"","","130","1.000000","8図・13図","国指定","史跡","高野参詣道　町石道　三谷坂　京大坂道不動坂　黒河道　女人道","こうやさんけいみち　ちょいしみち、みたにざか、きょうおおさかみちふどうざか、くろこみち、にょにんみち","昭52.7.14
平9.3.6追加
平27.10.7追加・名称変更
平28.3.1追加","橋本市、高野町、かつらぎ町、九度山町","（九度山町）","九度山町域：町石道、黒河道","08","九度山町","135.546190563736","34.292148558387","史跡_名勝_天然記念物_線"
"","","134","5.000000","8図","県指定","史跡","真田屋敷跡","さなだやしきあと","昭51.3.11","九度山1413","善名称院","","08","九度山町","135.559768264655","34.2907282370393","史跡_名勝_天然記念物_線"
"","","130","1.000000","8図・13図","国指定","史跡","高野参詣道　町石道　三谷坂　京大坂道不動坂　黒河道　女人道","こうやさんけいみち　ちょいしみち、みたにざか、きょうおおさかみちふどうざか、くろこみち、にょにんみち","昭52.7.14
平9.3.6追加
平27.10.7追加・名称変更
平28.3.1追加","橋本市、高野町、かつらぎ町、九度山町","（九度山町）","九度山町域：町石道、黒河道","08","九度山町","135.608637323514","34.2626768580071","史跡_名勝_天然記念物_線"
"","","173","6.000000","","県指定","史跡","逆川王子","さかがわおうじ","平21.3.17","大字吉川字北谷925-4","吉川区","","11","湯浅町","135.183527298629","34.0496157032724","史跡_名勝_天然記念物_線"
"","","171","4.000000","21図","県指定","史跡","久米崎王子跡","くめさきおうじあと","昭34.1.8","別所322-1","顕国神社","","11","湯浅町","135.18326469883","34.028066189098","史跡_名勝_天然記念物_線"
"","","174","7.000000","","県指定","史跡","勝楽寺境内（熊野参詣道　紀伊路）","しょうらくじけいだい（くまのさんけいみち　きいじ）","平24.7.20","別所135-2,163-1,165","勝楽寺","1,224㎡","11","湯浅町","135.18335989043","34.0297022376608","史跡_名勝_天然記念物_線"
"","","178","1.000000","21図","国指定","史跡","広村堤防","ひろむらていぼう","昭13.12.14
平30.2.13","広続1466-2,続1466-3,続1274-1・2、続1131-1,続1466-3及び続1274-2地先防波石堤実測5反6畝1歩","（広川町）","","12","広川町","135.171418812215","34.0266457647462","史跡_名勝_天然記念物_線"
"","","179","2.000000","21図","国指定","史跡","浜口梧陵墓","はまぐちごりょうぼ","昭13.12.14","広川町山本1539の内1号","","","12","広川町","135.168232839473","34.0210060349593","史跡_名勝_天然記念物_線"
"","","180","3.000000","21図","県指定","史跡","耐久社","たいきゅうしゃ","昭33.4.1
平27.1.15名称変更","広大浜1123番地","広川町","","12","広川町","135.169617656059","34.0245146371864","史跡_名勝_天然記念物_線"
"","","181","4.000000","","国指定","史跡","熊野参詣道　紀伊路　中辺路　大辺路　小辺路　伊勢路　熊野川　七里御浜　花の窟","くまのさんけいみち　きいじ　なかへち　おおへち　こへち　いせじ　くまのがわ　しちりみはま　はなのいわや　","平12.11.2
平14.12.9分離・追加・名称変更
平24.1.24追加
平27.10.7追加・名称変更
平28.3.1追加
平30.2.13追加","新宮市、田辺市、海南市、有田市、御坊市、那智勝浦町、串本町、白浜町、すさみ町、上富田町、広川町、高野町","(高野町、有田市、広川町、田辺市、御坊市、上富田町、白浜町、すさみ町、串本町、那智勝浦町）","広川町域：紀伊路","12","広川町","135.193806911773","33.9975815864173","史跡_名勝_天然記念物_線"
"","","181","4.000000","","国指定","史跡","熊野参詣道　紀伊路　中辺路　大辺路　小辺路　伊勢路　熊野川　七里御浜　花の窟","くまのさんけいみち　きいじ　なかへち　おおへち　こへち　いせじ　くまのがわ　しちりみはま　はなのいわや　","平12.11.2
平14.12.9分離・追加・名称変更
平24.1.24追加
平27.10.7追加・名称変更
平28.3.1追加
平30.2.13追加","新宮市、田辺市、海南市、有田市、御坊市、那智勝浦町、串本町、白浜町、すさみ町、上富田町、広川町、高野町","(高野町、有田市、広川町、田辺市、御坊市、上富田町、白浜町、すさみ町、串本町、那智勝浦町）","広川町域：紀伊路","12","広川町","135.178529215501","33.9832335065679","史跡_名勝_天然記念物_線"
"","","182","5.000000","","県指定","史跡","鹿ヶ瀬峠","ししがせとうげ","平23.3.15
平28.3.15一部解除","広川町大字河瀬字一ノ水476番2地先～477番4番地","（広川町、日高町）","","12","広川町","135.1811572205","33.9851314905514","史跡_名勝_天然記念物_線"
"","","213","5.000000","","県指定","史跡","仏井戸・上野王子旧地（熊野参詣道　紀伊路）","ほとけいど・うえのおうじきゅうち（くまのさんけいみち　きいじ）","平24.7.20","名田町上野1293-5,1293-2，1293-3，1293-6","個人、区、御坊市","","14","御坊市","135.182923010629","33.8308123552451","史跡_名勝_天然記念物_線"
"","","214","6.000000","","県指定","史跡","亀山城跡","かまやまじょうあと","平28.3.15","湯川町丸山字古池谷1073番1,字斎谷1122番1，字朝日谷1124番1","御坊市","","14","御坊市","135.154619599851","33.9108256547585","史跡_名勝_天然記念物_線"
"","","216","8.000000","","国指定","史跡","熊野参詣道　紀伊路　中辺路　大辺路　小辺路　伊勢路　熊野川　七里御浜　花の窟","くまのさんけいみち　きいじ　なかへち　おおへち　こへち　いせじ　くまのがわ　しちりみはま　はなのいわや　","平12.11.2
平14.12.9分離・追加・名称変更
平24.1.24追加
平27.10.7追加・名称変更
平28.3.1追加
平30.2.13追加","新宮市、田辺市、海南市、有田市、御坊市、那智勝浦町、串本町、白浜町、すさみ町、上富田町、広川町、高野町","(高野町、有田市、広川町、田辺市、御坊市、上富田町、白浜町、すさみ町、串本町、那智勝浦町）","御坊市域：紀伊路","14","御坊市","135.167446053342","33.9158854488369","史跡_名勝_天然記念物_線"
"","","216","8.000000","","国指定","史跡","熊野参詣道　紀伊路　中辺路　大辺路　小辺路　伊勢路　熊野川　七里御浜　花の窟","くまのさんけいみち　きいじ　なかへち　おおへち　こへち　いせじ　くまのがわ　しちりみはま　はなのいわや　","平12.11.2
平14.12.9分離・追加・名称変更
平24.1.24追加
平27.10.7追加・名称変更
平28.3.1追加
平30.2.13追加","新宮市、田辺市、海南市、有田市、御坊市、那智勝浦町、串本町、白浜町、すさみ町、上富田町、広川町、高野町","(高野町、有田市、広川町、田辺市、御坊市、上富田町、白浜町、すさみ町、串本町、那智勝浦町）","御坊市域：紀伊路","14","御坊市","135.162662814836","33.8699709583413","史跡_名勝_天然記念物_線"
"","","223","4.000000","32図","県指定","天然記念物","松原王子神社の社叢","まつばらおうじじんじゃのしゃそう","昭46.3.22","吉原771","松原王子神社","","15","美浜町","135.145208712974","33.889864044735","史跡_名勝_天然記念物_線"
"","","227","1.000000","26図","県指定","史跡","高家王子跡","たいえおうじあと","昭33.4.1
平27.1.30追加","萩原1670-1,1672-1","内原王子神社、萩原区、荊木区、原谷区、高家区、池田区","","16","日高町","135.140190427398","33.9345454897728","史跡_名勝_天然記念物_線"
"","","228","2.000000","25図","県指定","史跡","徳本上人誕生遺跡","とくほんしょうにんたんじょういせき","昭33.4.1","志賀油尾2555","誕生院","","16","日高町","135.098745373746","33.9297063627714","史跡_名勝_天然記念物_線"
"","","231","5.000000","","県指定","史跡","若一王子神社境内（熊野参詣道　紀伊路）","にゃくいちおうじじんじゃけいだい（くまのさんけいみち　きいじ）","平24.7.20","比井992","若一王子神社","7,293㎡","16","日高町","135.084647579253","33.9224955758916","史跡_名勝_天然記念物_線"
"","","232","6.000000","","県指定","史跡","鹿ヶ瀬峠","ししがせとうげ","平23.3.15
平28.3.15一部解除","日高町大字原谷911番地先～1757番1地先","（広川町、日高町）","","16","日高町","135.172856170906","33.9787142997769","史跡_名勝_天然記念物_線"
"","","264","4.000000","39図","県指定","天然記念物","切目神社のほるとのき","きりめじんじゃのほるとのき","昭34.1.8","印南町西ノ地328","切目神社","","20","印南町","135.231686028125","33.8027098648597","史跡_名勝_天然記念物_線"
"","","263","3.000000","39図","県指定","史跡","切部王子跡","きりべおうじあと","昭34.1.8","印南町西ノ地328","切目神社","","20","印南町","135.231682378004","33.8027213070232","史跡_名勝_天然記念物_線"
"","","286","1.000000","29図","県指定","史跡","天誅組志士幽閉の倉","てんちゅうぐみししゆうへいのくら","昭43.4.16","小又川19-1","田辺市","","21","田辺市龍神地区","135.568835630795","33.947916630671","史跡_名勝_天然記念物_線"
"","","272","1.000000","47図","国指定","史跡","三栖廃寺塔跡","みすはいじとうあと","昭10.12.24／昭60.3．25追加","下三栖234-1内実測55.92㎡、228-2内実測2.97㎡,233,235,245,248","(田辺市)","","21","田辺市田辺地区","135.416385689064","33.7368789097783","史跡_名勝_天然記念物_線"
"","","275","4.000000","47図","国指定","史跡","高山寺貝塚","こうざんじかいづか","昭45.8.17","稲成町387-1内実測96645㎡,390-1の内実測267.6075㎡､393-1の内実測27.6375㎡,実測151.003㎡,実測29.420㎡,394の内実測372.975㎡","高山寺","","21","田辺市田辺地区","135.378671746327","33.7403232952072","史跡_名勝_天然記念物_線"
"","","277","6.000000","41図","県指定","名勝","蟾蜍岩","ひきいわ","昭33.4.1","稲成町2091-1","田辺市","","21","田辺市田辺地区","135.375273885664","33.76297454348","史跡_名勝_天然記念物_線"
"","","278","7.000000","46図","県指定","史跡","出立王子跡","でだちおうじあと","昭33.4.1","上の山2丁目327","田辺市","","21","田辺市田辺地区","135.369662847491","33.7341826239542","史跡_名勝_天然記念物_線"
"","","279","9.000000","47図","県指定","天然記念物","新庄町奥山の甌穴","しんじょうちょうおくやまのおうけつ","昭33.4.1","新庄町奥山954-1地先","西牟婁森林組合","","21","田辺市田辺地区","135.426137899864","33.7229097272238","史跡_名勝_天然記念物_線"
"","","280","12.000000","","県指定","天然記念物","龍神宮のウバメガシ","りゅうぜんぐうのうばめがし","平20.6.24","上秋津","上秋津愛郷会","","21","田辺市田辺地区","135.396213134002","33.7876037366505","史跡_名勝_天然記念物_線"
"","","291","12.000000","42図","県指定","史跡","野長瀬氏・横矢氏一族の墓所","のながせし・よこやしいちぞくのぼしょ","昭43.6.27
平17.5.31名称変更","近露1002-3","個人","","21","田辺市中辺路地区","135.609068899814","33.8161140035526","史跡_名勝_天然記念物_線"
"","","281","13.000000","","国指定","史跡","熊野参詣道　紀伊路　中辺路　大辺路　小辺路　伊勢路　熊野川　七里御浜　花の窟","くまのさんけいみち　きいじ　なかへち　おおへち　こへち　いせじ　くまのがわ　しちりみはま　はなのいわや　","平12.11.2
平14.12.9分離・追加・名称変更
平24.1.24追加
平27.10.7追加・名称変更
平28.3.1追加
平30.2.13追加","新宮市、田辺市、海南市、有田市、御坊市、那智勝浦町、串本町、白浜町、すさみ町、上富田町、広川町、高野町","(高野町、有田市、広川町、田辺市、御坊市、上富田町、白浜町、すさみ町、串本町、那智勝浦町）","田辺市域：紀伊路、中辺路、大辺路、小辺路、伊勢路、熊野川","21","田辺市田辺地区","135.35219194098","33.748262761383","史跡_名勝_天然記念物_線"
"","","281","13.000000","","国指定","史跡","熊野参詣道　紀伊路　中辺路　大辺路　小辺路　伊勢路　熊野川　七里御浜　花の窟","くまのさんけいみち　きいじ　なかへち　おおへち　こへち　いせじ　くまのがわ　しちりみはま　はなのいわや　","平12.11.2
平14.12.9分離・追加・名称変更
平24.1.24追加
平27.10.7追加・名称変更
平28.3.1追加
平30.2.13追加","新宮市、田辺市、海南市、有田市、御坊市、那智勝浦町、串本町、白浜町、すさみ町、上富田町、広川町、高野町","(高野町、有田市、広川町、田辺市、御坊市、上富田町、白浜町、すさみ町、串本町、那智勝浦町）","田辺市域：紀伊路、中辺路、大辺路、小辺路、伊勢路、熊野川","21","田辺市田辺地区","135.384116331104","33.7293783903668","史跡_名勝_天然記念物_線"
"","","292","13.000000","42・43図","国指定","史跡","熊野参詣道　紀伊路　中辺路　大辺路　小辺路　伊勢路　熊野川　七里御浜　花の窟","くまのさんけいみち　きいじ　なかへち　おおへち　こへち　いせじ　くまのがわ　しちりみはま　はなのいわや　","平12.11.2
平14.12.9分離・追加・名称変更
平24.1.24追加
平27.10.7追加・名称変更
平28.3.1追加
平30.2.13追加","新宮市、田辺市、海南市、有田市、御坊市、那智勝浦町、串本町、白浜町、すさみ町、上富田町、広川町、高野町","(高野町、有田市、広川町、田辺市、御坊市、上富田町、白浜町、すさみ町、串本町、那智勝浦町）","田辺市域：紀伊路、中辺路、大辺路、小辺路、伊勢路、熊野川","21","田辺市中辺路地区","135.474844845892","33.7805705436279","史跡_名勝_天然記念物_線"
"","","281","13.000000","","国指定","史跡","熊野参詣道　紀伊路　中辺路　大辺路　小辺路　伊勢路　熊野川　七里御浜　花の窟","くまのさんけいみち　きいじ　なかへち　おおへち　こへち　いせじ　くまのがわ　しちりみはま　はなのいわや　","平12.11.2
平14.12.9分離・追加・名称変更
平24.1.24追加
平27.10.7追加・名称変更
平28.3.1追加
平30.2.13追加","新宮市、田辺市、海南市、有田市、御坊市、那智勝浦町、串本町、白浜町、すさみ町、上富田町、広川町、高野町","(高野町、有田市、広川町、田辺市、御坊市、上富田町、白浜町、すさみ町、串本町、那智勝浦町）","田辺市域：紀伊路、中辺路、大辺路、小辺路、伊勢路、熊野川","21","田辺市田辺地区","135.444017575386","33.7617053103072","史跡_名勝_天然記念物_線"
"","","292","13.000000","42・43図","国指定","史跡","熊野参詣道　紀伊路　中辺路　大辺路　小辺路　伊勢路　熊野川　七里御浜　花の窟","くまのさんけいみち　きいじ　なかへち　おおへち　こへち　いせじ　くまのがわ　しちりみはま　はなのいわや　","平12.11.2
平14.12.9分離・追加・名称変更
平24.1.24追加
平27.10.7追加・名称変更
平28.3.1追加
平30.2.13追加","新宮市、田辺市、海南市、有田市、御坊市、那智勝浦町、串本町、白浜町、すさみ町、上富田町、広川町、高野町","(高野町、有田市、広川町、田辺市、御坊市、上富田町、白浜町、すさみ町、串本町、那智勝浦町）","田辺市域：紀伊路、中辺路、大辺路、小辺路、伊勢路、熊野川","21","田辺市中辺路地区","135.501450860692","33.7454655169036","史跡_名勝_天然記念物_線"
"","","282","14.000000","","国指定","名勝","南方曼陀羅の風景地　神島、鬪?神社、須佐神社、伊作田稲荷神社、継桜王子、高原熊野神社、奇絶峡、龍神山、八上神社、田中神社、九龍島、金刀比羅神社、天神崎","みなかたまんだらのふうけいち　かしま、とうけいじんじゃ、すさじんじゃ、いさいだいなりじんじゃ、つぎざくらおうじ、たかはらくまのじんじゃ、きぜつきょう、りゅうぜんさん、やがみじんじゃ、たなかじんじゃ、くろしま、ことひらじんじゃ、てんじんざき","平27.10.7","田辺市、上富田町、白浜町、串本町","（田辺市、上富田町、白浜町、串本町）","神島、鬪?神社、須佐神社、伊作田稲荷神社、奇絶峡、龍神山、天神崎","21","田辺市田辺地区","135.41370349666","33.7798300960424","史跡_名勝_天然記念物_線"
"","","282","14.000000","","国指定","名勝","南方曼陀羅の風景地　神島、鬪?神社、須佐神社、伊作田稲荷神社、継桜王子、高原熊野神社、奇絶峡、龍神山、八上神社、田中神社、九龍島、金刀比羅神社、天神崎","みなかたまんだらのふうけいち　かしま、とうけいじんじゃ、すさじんじゃ、いさいだいなりじんじゃ、つぎざくらおうじ、たかはらくまのじんじゃ、きぜつきょう、りゅうぜんさん、やがみじんじゃ、たなかじんじゃ、くろしま、ことひらじんじゃ、てんじんざき","平27.10.7","田辺市、上富田町、白浜町、串本町","（田辺市、上富田町、白浜町、串本町）","神島、鬪?神社、須佐神社、伊作田稲荷神社、奇絶峡、龍神山、天神崎","21","田辺市田辺地区","135.353949819513","33.7264335126967","史跡_名勝_天然記念物_線"
"","","282","14.000000","","国指定","名勝","南方曼陀羅の風景地　神島、鬪?神社、須佐神社、伊作田稲荷神社、継桜王子、高原熊野神社、奇絶峡、龍神山、八上神社、田中神社、九龍島、金刀比羅神社、天神崎","みなかたまんだらのふうけいち　かしま、とうけいじんじゃ、すさじんじゃ、いさいだいなりじんじゃ、つぎざくらおうじ、たかはらくまのじんじゃ、きぜつきょう、りゅうぜんさん、やがみじんじゃ、たなかじんじゃ、くろしま、ことひらじんじゃ、てんじんざき","平27.10.7","田辺市、上富田町、白浜町、串本町","（田辺市、上富田町、白浜町、串本町）","神島、鬪?神社、須佐神社、伊作田稲荷神社、奇絶峡、龍神山、天神崎","21","田辺市田辺地区","135.378385627223","33.7508974695477","史跡_名勝_天然記念物_線"
"","","282","14.000000","","国指定","名勝","南方曼陀羅の風景地　神島、鬪?神社、須佐神社、伊作田稲荷神社、継桜王子、高原熊野神社、奇絶峡、龍神山、八上神社、田中神社、九龍島、金刀比羅神社、天神崎","みなかたまんだらのふうけいち　かしま、とうけいじんじゃ、すさじんじゃ、いさいだいなりじんじゃ、つぎざくらおうじ、たかはらくまのじんじゃ、きぜつきょう、りゅうぜんさん、やがみじんじゃ、たなかじんじゃ、くろしま、ことひらじんじゃ、てんじんざき","平27.10.7","田辺市、上富田町、白浜町、串本町","（田辺市、上富田町、白浜町、串本町）","神島、鬪?神社、須佐神社、伊作田稲荷神社、奇絶峡、龍神山、天神崎","21","田辺市田辺地区","135.37484216788","33.7035383871392","史跡_名勝_天然記念物_線"
"","","282","14.000000","","国指定","名勝","南方曼陀羅の風景地　神島、鬪?神社、須佐神社、伊作田稲荷神社、継桜王子、高原熊野神社、奇絶峡、龍神山、八上神社、田中神社、九龍島、金刀比羅神社、天神崎","みなかたまんだらのふうけいち　かしま、とうけいじんじゃ、すさじんじゃ、いさいだいなりじんじゃ、つぎざくらおうじ、たかはらくまのじんじゃ、きぜつきょう、りゅうぜんさん、やがみじんじゃ、たなかじんじゃ、くろしま、ことひらじんじゃ、てんじんざき","平27.10.7","田辺市、上富田町、白浜町、串本町","（田辺市、上富田町、白浜町、串本町）","神島、鬪?神社、須佐神社、伊作田稲荷神社、奇絶峡、龍神山、天神崎","21","田辺市田辺地区","135.398664511195","33.7384695725305","史跡_名勝_天然記念物_線"
"","","294","16.000000","","国指定","名勝","南方曼陀羅の風景地　神島、鬪?神社、須佐神社、伊作田稲荷神社、継桜王子、高原熊野神社、奇絶峡、龍神山、八上神社、田中神社、九龍島、金刀比羅神社、天神崎","みなかたまんだらのふうけいち　かしま、とうけいじんじゃ、すさじんじゃ、いさいだいなりじんじゃ、つぎざくらおうじ、たかはらくまのじんじゃ、きぜつきょう、りゅうぜんさん、やがみじんじゃ、たなかじんじゃ、くろしま、ことひらじんじゃ、てんじんざき","平27.10.7","田辺市、上富田町、白浜町、串本町","（田辺市、上富田町、白浜町、串本町）","高原熊野神社、継桜王子","21","田辺市中辺路地区","135.529173057286","33.7940756610238","史跡_名勝_天然記念物_線"
"","","282","14.000000","","国指定","名勝","南方曼陀羅の風景地　神島、鬪?神社、須佐神社、伊作田稲荷神社、継桜王子、高原熊野神社、奇絶峡、龍神山、八上神社、田中神社、九龍島、金刀比羅神社、天神崎","みなかたまんだらのふうけいち　かしま、とうけいじんじゃ、すさじんじゃ、いさいだいなりじんじゃ、つぎざくらおうじ、たかはらくまのじんじゃ、きぜつきょう、りゅうぜんさん、やがみじんじゃ、たなかじんじゃ、くろしま、ことひらじんじゃ、てんじんざき","平27.10.7","田辺市、上富田町、白浜町、串本町","（田辺市、上富田町、白浜町、串本町）","神島、鬪?神社、須佐神社、伊作田稲荷神社、奇絶峡、龍神山、天神崎","21","田辺市田辺地区","135.395476301973","33.7892133882022","史跡_名勝_天然記念物_線"
"","","293","15.000000","","県指定","史跡","近露の宝塔","ちかつゆのほうとう","昭33.4.1","近露字津毛川2430-39","近野振興会","","21","田辺市中辺路地区","135.601511276232","33.8107944308444","史跡_名勝_天然記念物_線"
"","","294","16.000000","","国指定","名勝","南方曼陀羅の風景地　神島、鬪?神社、須佐神社、伊作田稲荷神社、継桜王子、高原熊野神社、奇絶峡、龍神山、八上神社、田中神社、九龍島、金刀比羅神社、天神崎","みなかたまんだらのふうけいち　かしま、とうけいじんじゃ、すさじんじゃ、いさいだいなりじんじゃ、つぎざくらおうじ、たかはらくまのじんじゃ、きぜつきょう、りゅうぜんさん、やがみじんじゃ、たなかじんじゃ、くろしま、ことひらじんじゃ、てんじんざき","平27.10.7","田辺市、上富田町、白浜町、串本町","（田辺市、上富田町、白浜町、串本町）","高原熊野神社、継桜王子","21","田辺市中辺路地区","135.634107334793","33.8283558580826","史跡_名勝_天然記念物_線"
"","","298","1.000000","47図","県指定","天然記念物","住吉神社のおがたまの木","すみよしじんじゃのおがたまのき","昭33.4.1","鮎川1512-2","住吉神社","1本","21","田辺市大塔地区","135.492861362567","33.7306681897432","史跡_名勝_天然記念物_線"
"","","302","5.000000","48図","県指定","天然記念物","住吉神社の社叢","すみよしじんじゃのしゃそう","昭49.12.9","鮎川1512-2","住吉神社","3,775㎡","21","田辺市大塔地区","135.492861362567","33.7306681897432","史跡_名勝_天然記念物_線"
"","","301","4.000000","48図","県指定","天然記念物","赤滑の漣痕","あかなめらのれんこん","昭49.12.9","鮎川3554-6、3555-1","個人","1,800㎡","21","田辺市大塔地区","135.516062855856","33.7362327791975","史跡_名勝_天然記念物_線"
"","","303","6.000000","47・48図","国指定","天然記念物","オオウナギ生息地","おおうなぎせいそくち","大12.3.7　　　　　
昭10.5.15　　　　　　　　　","西牟婁郡白浜町富田、上富田町市ノ瀬、田辺市鮎川","国（河川管理者：和歌山県、白浜町）","","21","田辺市大塔地区","135.490924530293","33.7295852971495","史跡_名勝_天然記念物_線"
"","","309","6.000000","44図","県指定","史跡","中世行幸御宿泊所　本宮竹の坊屋敷跡","ちゅうせいぎょうこうおんしゅくはくしょほんぐうたけのぼうやしきあと","昭40.9.20","本宮554、554-1、554-1-1","田辺市","","21","田辺市本宮地区","135.772588534543","33.8354791697466","史跡_名勝_天然記念物_線"
"","","310","7.000000","44図","県指定","史跡","磨崖名号碑（伝一遍上人名号石）","まがいみょうごうひ（でんいっぺんしょうにんみょうごうせき）","昭42.4.14","湯峯270-2","（湯峯自治会）","","21","田辺市本宮地区","135.757545160573","33.8295204056832","史跡_名勝_天然記念物_線"
"","","315","19.000000","","県指定","史跡","発心門王子跡付南無房堂跡（付指定のみ県指定）","ほっしんもんおうじあとつけたりなむぼうどうあと","昭42.4.14","三越字上久保1652","発心門総代","","21","田辺市本宮地区","135.720891419987","33.8618796962341","史跡_名勝_天然記念物_線"
"","","314","18.000000","","県指定","天然記念物","ナンキセダカコブヤハズカミキリ生息地","なんきせだかこぶやはずかみきりせいそくち","平28.5.26","静川、大塔山国有林111林班・ぬ-1小班、114班・ぬ小林班、115林班、ほ小班","和歌山森林管理署","26.44ヘクタール","21","田辺市本宮地区","135.715191505798","33.7302310721781","史跡_名勝_天然記念物_線"
"","","257","1.000000","40図","県指定","天然記念物","いすのきの純林","いすのきのじゅんりん","昭33.4.1","晩稲1309小殿社境内","晩稲区","","19","みなべ町南部川地区","135.342070939491","33.7833575077997","史跡_名勝_天然記念物_線"
"","","248","1.000000","40図","県指定","史跡","三鍋王子跡","みなべおうじあと","昭33.4.1","北道字丹川40","北道区","","19","みなべ町南部地区","135.320204735476","33.7702806060706","史跡_名勝_天然記念物_線"
"","","250","3.000000","40図","県指定","史跡","岩代王子跡","いわしろおうじあと","昭33.4.1","西岩代字野添1588","西岩代八幡神社","","19","みなべ町南部地区","135.277438563061","33.7808047952107","史跡_名勝_天然記念物_線"
"","","251","4.000000","40図","県指定","史跡","千里王子跡","せんりおうじあと","昭33.4.1","山内字千里谷口259","須賀神社","","19","みなべ町南部地区","135.294304754066","33.7725036753352","史跡_名勝_天然記念物_線"
"","","253","7.000000","40図","県指定","天然記念物","丹河地蔵堂のイチョウ（雌株）","たんがじぞうどうのいちょう","昭49.12.9","北道丹川40","北道区","1株","19","みなべ町南部地区","135.319099087204","33.7699225823388","史跡_名勝_天然記念物_線"
"","","378","3.000000","63図","国指定","名勝","潮岬","しおのみさき","昭34.1.8","潮岬2871-1","串本町","","26","串本町串本地区","135.755754201235","33.4367005220697","史跡_名勝_天然記念物_線"
"","","379","4.000000","","県指定","史跡","エルトゥールル号事件関連遺跡群（船甲羅、遭難者上陸地、樫野埼灯台旧官舎及び避難者墓地）","えるとぅーるるごうじけんかんれんいせきぐん（ふなこうら、そうなんしゃじょうりくち、かしのざきとうだいきゅうかんしゃおよびひなんしゃぼち）","昭34.1.8
平28.3.15追加・名称変更","樫野1030番1地先、1006番1、1030番5","串本町・国（管理者：和歌山県）","","26","串本町串本地区","135.860483225782","33.469160193407","史跡_名勝_天然記念物_線"
"","","380","5.000000","","県指定","史跡","無量寺境内（熊野参詣道　紀伊路（大辺路））","むりょうじけいだい（くまのさんけいみち　きいじ（おおへじ））","平24.7.20","串本830-1、831、832、833、833-1、834、835-2、835-3、835-12、835-13、835-14、835-15、835-16、835-17、836、837、837-1","宗教法人　無量寺","6301.41㎡","26","串本町串本地区","135.77800854766","33.4704814931219","史跡_名勝_天然記念物_線"
"","","382","7.000000","","国指定","史跡","熊野参詣道　紀伊路　中辺路　大辺路　小辺路　伊勢路　熊野川　七里御浜　花の窟","くまのさんけいみち　きいじ　なかへち　おおへち　こへち　いせじ　くまのがわ　しちりみはま　はなのいわや　","平12.11.2
平14.12.9分離・追加・名称変更
平24.1.24追加
平27.10.7追加・名称変更
平28.3.1追加
平30.2.13追加","新宮市、田辺市、海南市、有田市、御坊市、那智勝浦町、串本町、白浜町、すさみ町、上富田町、広川町、高野町","(高野町、有田市、広川町、田辺市、御坊市、上富田町、白浜町、すさみ町、串本町、那智勝浦町）","串本町域：大辺路","26","串本町串本地区","135.664956194577","33.4966075715565","史跡_名勝_天然記念物_線"
"","","382","7.000000","","国指定","史跡","熊野参詣道　紀伊路　中辺路　大辺路　小辺路　伊勢路　熊野川　七里御浜　花の窟","くまのさんけいみち　きいじ　なかへち　おおへち　こへち　いせじ　くまのがわ　しちりみはま　はなのいわや　","平12.11.2
平14.12.9分離・追加・名称変更
平24.1.24追加
平27.10.7追加・名称変更
平28.3.1追加
平30.2.13追加","新宮市、田辺市、海南市、有田市、御坊市、那智勝浦町、串本町、白浜町、すさみ町、上富田町、広川町、高野町","(高野町、有田市、広川町、田辺市、御坊市、上富田町、白浜町、すさみ町、串本町、那智勝浦町）","串本町域：大辺路","26","串本町串本地区","135.883248549824","33.554714506239","史跡_名勝_天然記念物_線"
"","","382","7.000000","","国指定","史跡","熊野参詣道　紀伊路　中辺路　大辺路　小辺路　伊勢路　熊野川　七里御浜　花の窟","くまのさんけいみち　きいじ　なかへち　おおへち　こへち　いせじ　くまのがわ　しちりみはま　はなのいわや　","平12.11.2
平14.12.9分離・追加・名称変更
平24.1.24追加
平27.10.7追加・名称変更
平28.3.1追加
平30.2.13追加","新宮市、田辺市、海南市、有田市、御坊市、那智勝浦町、串本町、白浜町、すさみ町、上富田町、広川町、高野町","(高野町、有田市、広川町、田辺市、御坊市、上富田町、白浜町、すさみ町、串本町、那智勝浦町）","串本町域：大辺路","26","串本町串本地区","135.723334033721","33.4849946632225","史跡_名勝_天然記念物_線"
"","","382","7.000000","","国指定","史跡","熊野参詣道　紀伊路　中辺路　大辺路　小辺路　伊勢路　熊野川　七里御浜　花の窟","くまのさんけいみち　きいじ　なかへち　おおへち　こへち　いせじ　くまのがわ　しちりみはま　はなのいわや　","平12.11.2
平14.12.9分離・追加・名称変更
平24.1.24追加
平27.10.7追加・名称変更
平28.3.1追加
平30.2.13追加","新宮市、田辺市、海南市、有田市、御坊市、那智勝浦町、串本町、白浜町、すさみ町、上富田町、広川町、高野町","(高野町、有田市、広川町、田辺市、御坊市、上富田町、白浜町、すさみ町、串本町、那智勝浦町）","串本町域：大辺路","26","串本町串本地区","135.687504275902","33.490947145024","史跡_名勝_天然記念物_線"
"","","386","1.000000","63図","国指定","名勝・天然記念物","橋杭岩","はしぐいいわ","大13.12.9
昭10.5.15","串本町鬮野川1593の1、1593の2、続1593、1594、1594-1、1594-3、1594-4、姫570、続571-1、574-1、572各地先磯地及海中立岩","串本町","","26","串本町古座地区","135.796233181411","33.4855929023833","史跡_名勝_天然記念物_線"
"","","381","6.000000","","国指定","名勝","南方曼陀羅の風景地　神島、鬪?神社、須佐神社、伊作田稲荷神社、継桜王子、高原熊野神社、奇絶峡、龍神山、八上神社、田中神社、九龍島、金刀比羅神社、天神崎","みなかたまんだらのふうけいち　かしま、とうけいじんじゃ、すさじんじゃ、いさいだいなりじんじゃ、つぎざくらおうじ、たかはらくまのじんじゃ、きぜつきょう、りゅうぜんさん、やがみじんじゃ、たなかじんじゃ、くろしま、ことひらじんじゃ、てんじんざき","平27.10.7","田辺市、上富田町、白浜町、串本町","（田辺市、上富田町、白浜町、串本町）","九龍島","26","串本町串本地区","135.826222133354","33.5033594550499","史跡_名勝_天然記念物_線"
"","","391","2.000000","51図","国指定","名勝","那智大滝","なちのおおたき","昭47.7.11","那智山2、2-1内実測6000㎡","熊野那智大社","","27","那智勝浦町","135.887700648039","33.6762264789225","史跡_名勝_天然記念物_線"
"","","396","8.000000","51図","県指定","史跡","山上不動堂跡","やまがみふどうどうあと","昭33.4.1","那智山2","熊野那智大社","","27","那智勝浦町","135.889398229719","33.6763083271224","史跡_名勝_天然記念物_線"
"","","394","6.000000","56図","県指定","天然記念物","しいの老樹","しいのろうじゅ","昭33.4.1","下和田775","太泰寺","1本","27","那智勝浦町","135.903679355107","33.5875233323311","史跡_名勝_天然記念物_線"
"","","402","13.000000","56図","県指定","史跡","太泰寺の板碑","だいたいじのいたび","昭38.3.26","下和田775","太泰寺","","27","那智勝浦町","135.902501759959","33.5890862383962","史跡_名勝_天然記念物_線"
"","","403","14.000000","56図","県指定","天然記念物","モッコクの大樹（那智大社実方院前庭）","もっこくのたいじゅ","昭40.4.14","那智山1","熊野那智大社","1本","27","那智勝浦町","135.891326565331","33.6695783923092","史跡_名勝_天然記念物_線"
"","","404","15.000000","56図","県指定","天然記念物","ヤマザクラの名木（那智大社社務所前）","やまざくらのめいぼく","昭40.4.14","那智山1","熊野那智大社","1本","27","那智勝浦町","135.890646209402","33.6683432072658","史跡_名勝_天然記念物_線"
"","","405","16.000000","56図","県指定","天然記念物","枝垂ザクラ（那智大社本殿瑞垣際）","しだれざくら","昭40.4.14","那智山1","熊野那智大社","1本","27","那智勝浦町","135.889854062213","33.6686496590982","史跡_名勝_天然記念物_線"
"","","406","17.000000","56図","県指定","天然記念物","イヌグスの大木（青岸渡寺本堂脇）","いぬぐすのたいぼく","昭40.4.14","那智山8","那智山青岸渡寺","1本","27","那智勝浦町","135.889949476082","33.6693415887947","史跡_名勝_天然記念物_線"
"","","407","18.000000","56図","県指定","天然記念物","那智の樟","なちのくすのき","昭33.4.1","那智山1","熊野那智大社","1本","27","那智勝浦町","135.890331788836","33.6687932241942","史跡_名勝_天然記念物_線"
"","","408","20.000000","51図・56図","国指定","史跡","熊野参詣道　紀伊路　中辺路　大辺路　小辺路　伊勢路　熊野川　七里御浜　花の窟","くまのさんけいみち　きいじ　なかへち　おおへち　こへち　いせじ　くまのがわ　しちりみはま　はなのいわや　","平12.11.2
平14.12.9分離・追加・名称変更
平24.1.24追加
平27.10.7追加・名称変更
平28.3.1追加
平30.2.13追加","新宮市、田辺市、海南市、有田市、御坊市、那智勝浦町、串本町、白浜町、すさみ町、上富田町、広川町、高野町","(高野町、有田市、広川町、田辺市、御坊市、上富田町、白浜町、すさみ町、串本町、那智勝浦町）","那智勝浦町域：中辺路、大辺路","27","那智勝浦町","135.909937637666","33.6650674434634","史跡_名勝_天然記念物_線"
"","","408","20.000000","51図・56図","国指定","史跡","熊野参詣道　紀伊路　中辺路　大辺路　小辺路　伊勢路　熊野川　七里御浜　花の窟","くまのさんけいみち　きいじ　なかへち　おおへち　こへち　いせじ　くまのがわ　しちりみはま　はなのいわや　","平12.11.2
平14.12.9分離・追加・名称変更
平24.1.24追加
平27.10.7追加・名称変更
平28.3.1追加
平30.2.13追加","新宮市、田辺市、海南市、有田市、御坊市、那智勝浦町、串本町、白浜町、すさみ町、上富田町、広川町、高野町","(高野町、有田市、広川町、田辺市、御坊市、上富田町、白浜町、すさみ町、串本町、那智勝浦町）","那智勝浦町域：中辺路、大辺路","27","那智勝浦町","135.911712427973","33.6629005879216","史跡_名勝_天然記念物_線"
"","","408","20.000000","51図・56図","国指定","史跡","熊野参詣道　紀伊路　中辺路　大辺路　小辺路　伊勢路　熊野川　七里御浜　花の窟","くまのさんけいみち　きいじ　なかへち　おおへち　こへち　いせじ　くまのがわ　しちりみはま　はなのいわや　","平12.11.2
平14.12.9分離・追加・名称変更
平24.1.24追加
平27.10.7追加・名称変更
平28.3.1追加
平30.2.13追加","新宮市、田辺市、海南市、有田市、御坊市、那智勝浦町、串本町、白浜町、すさみ町、上富田町、広川町、高野町","(高野町、有田市、広川町、田辺市、御坊市、上富田町、白浜町、すさみ町、串本町、那智勝浦町）","那智勝浦町域：中辺路、大辺路","27","那智勝浦町","135.934849592086","33.6446847062107","史跡_名勝_天然記念物_線"
"","","408","20.000000","51図・56図","国指定","史跡","熊野参詣道　紀伊路　中辺路　大辺路　小辺路　伊勢路　熊野川　七里御浜　花の窟","くまのさんけいみち　きいじ　なかへち　おおへち　こへち　いせじ　くまのがわ　しちりみはま　はなのいわや　","平12.11.2
平14.12.9分離・追加・名称変更
平24.1.24追加
平27.10.7追加・名称変更
平28.3.1追加
平30.2.13追加","新宮市、田辺市、海南市、有田市、御坊市、那智勝浦町、串本町、白浜町、すさみ町、上富田町、広川町、高野町","(高野町、有田市、広川町、田辺市、御坊市、上富田町、白浜町、すさみ町、串本町、那智勝浦町）","那智勝浦町域：中辺路、大辺路","27","那智勝浦町","135.931382027736","33.6257443145941","史跡_名勝_天然記念物_線"
"","","408","20.000000","51図・56図","国指定","史跡","熊野参詣道　紀伊路　中辺路　大辺路　小辺路　伊勢路　熊野川　七里御浜　花の窟","くまのさんけいみち　きいじ　なかへち　おおへち　こへち　いせじ　くまのがわ　しちりみはま　はなのいわや　","平12.11.2
平14.12.9分離・追加・名称変更
平24.1.24追加
平27.10.7追加・名称変更
平28.3.1追加
平30.2.13追加","新宮市、田辺市、海南市、有田市、御坊市、那智勝浦町、串本町、白浜町、すさみ町、上富田町、広川町、高野町","(高野町、有田市、広川町、田辺市、御坊市、上富田町、白浜町、すさみ町、串本町、那智勝浦町）","那智勝浦町域：中辺路、大辺路","27","那智勝浦町","135.96145870177","33.6562725034595","史跡_名勝_天然記念物_線"
"","","371","4.000000","44図","国指定","史跡","熊野参詣道　紀伊路　中辺路　大辺路　小辺路　伊勢路　熊野川　七里御浜　花の窟","くまのさんけいみち　きいじ　なかへち　おおへち　こへち　いせじ　くまのがわ　しちりみはま　はなのいわや　","平12.11.2
平14.12.9分離・追加・名称変更
平24.1.24追加
平27.10.7追加・名称変更
平28.3.1追加
平30.2.13追加","新宮市、田辺市、海南市、有田市、御坊市、那智勝浦町、串本町、白浜町、すさみ町、上富田町、広川町、高野町","(高野町、有田市、広川町、田辺市、御坊市、上富田町、白浜町、すさみ町、串本町、那智勝浦町）","新宮市域：中辺路、伊勢路、熊野川","25","新宮市熊野川地区","135.847167783609","33.740830635183","史跡_名勝_天然記念物_線"
"","","408","20.000000","51図・56図","国指定","史跡","熊野参詣道　紀伊路　中辺路　大辺路　小辺路　伊勢路　熊野川　七里御浜　花の窟","くまのさんけいみち　きいじ　なかへち　おおへち　こへち　いせじ　くまのがわ　しちりみはま　はなのいわや　","平12.11.2
平14.12.9分離・追加・名称変更
平24.1.24追加
平27.10.7追加・名称変更
平28.3.1追加
平30.2.13追加","新宮市、田辺市、海南市、有田市、御坊市、那智勝浦町、串本町、白浜町、すさみ町、上富田町、広川町、高野町","(高野町、有田市、広川町、田辺市、御坊市、上富田町、白浜町、すさみ町、串本町、那智勝浦町）","那智勝浦町域：中辺路、大辺路","27","那智勝浦町","135.920752781261","33.6063719865008","史跡_名勝_天然記念物_線"
"","","408","20.000000","51図・56図","国指定","史跡","熊野参詣道　紀伊路　中辺路　大辺路　小辺路　伊勢路　熊野川　七里御浜　花の窟","くまのさんけいみち　きいじ　なかへち　おおへち　こへち　いせじ　くまのがわ　しちりみはま　はなのいわや　","平12.11.2
平14.12.9分離・追加・名称変更
平24.1.24追加
平27.10.7追加・名称変更
平28.3.1追加
平30.2.13追加","新宮市、田辺市、海南市、有田市、御坊市、那智勝浦町、串本町、白浜町、すさみ町、上富田町、広川町、高野町","(高野町、有田市、広川町、田辺市、御坊市、上富田町、白浜町、すさみ町、串本町、那智勝浦町）","那智勝浦町域：中辺路、大辺路","27","那智勝浦町","135.886660848012","33.5573182959562","史跡_名勝_天然記念物_線"
"","","409","21.000000","56図","国指定","史跡","熊野三山　","くまのさんざん","平12.11.2　　　　　
平14.12.19分離・追加・名称変更","新宮市、田辺市（旧本宮町）、那智勝浦町","熊野本宮大社・熊野那智大社・熊野速玉大社・那智山青岸渡寺・農林水産省","熊野那智大社、青岸渡寺、補陀洛山寺","27","那智勝浦町","135.934500999006","33.6446663222264","史跡_名勝_天然記念物_線"
"","","395","7.000000","51図・56図","県指定","天然記念物","那智山旧参道の杉並木","なちさんきゅうさんどうのすぎなみき","昭33.4.1","那智山483-1・2・3・4、390-1","熊野那智大社","","27","那智勝浦町","135.896571364525","33.6702910662075","史跡_名勝_天然記念物_線"
"","","36","1.000000","10図","県指定","史跡","室山古墳","むろやまこふん","昭33.4.1","室山1147,1153,1166","中言神社","2基","02","海南市旧海南地域","135.205451672457","34.1733850448938","史跡_名勝_天然記念物_線"
"","","115","4.000000","","県指定","史跡","名古曽火葬墓","なごそかそうぼ","平19.6.12","名古曽","個人","","06","橋本市高野口地区","135.566688734975","34.3128814244781","史跡_名勝_天然記念物_線"
"","","254","8.000000","","県指定","天然記念物","みなべ町沖のオオカワリギンチャク生息地","みねべちょうおきのおおかわりきんちゃくせいそくち","平27.1.15","みなべ町沖ショウガセの中心かわ半径300mの海域","（和歌山県）","","19","みなべ町南部地区","135.307663050518","33.7244661083803","史跡_名勝_天然記念物_線"
"","","282","14.000000","","国指定","名勝","南方曼陀羅の風景地　神島、鬪?神社、須佐神社、伊作田稲荷神社、継桜王子、高原熊野神社、奇絶峡、龍神山、八上神社、田中神社、九龍島、金刀比羅神社、天神崎","みなかたまんだらのふうけいち　かしま、とうけいじんじゃ、すさじんじゃ、いさいだいなりじんじゃ、つぎざくらおうじ、たかはらくまのじんじゃ、きぜつきょう、りゅうぜんさん、やがみじんじゃ、たなかじんじゃ、くろしま、ことひらじんじゃ、てんじんざき","平27.10.7","田辺市、上富田町、白浜町、串本町","（田辺市、上富田町、白浜町、串本町）","神島、鬪?神社、須佐神社、伊作田稲荷神社、奇絶峡、龍神山、天神崎","21","田辺市田辺地区","135.384116331104","33.7293783903668","史跡_名勝_天然記念物_線"
"","","400","12.000000","51図・56図","県指定","史跡","実方院","　　じっぽういん","","那智山166　　　　　　　　　　　","熊野那智大社","","27","那智勝浦町","135.891348625932","33.6693956448137","史跡_名勝_天然記念物_線"
"","","401","12.000000","51図・56図","県指定","史跡","尊勝院","　　そんしょういん","","那智山36","那智山青岸渡寺","","27","那智勝浦町","135.88970960432","33.669788068851","史跡_名勝_天然記念物_線"
"","","139","2.000000","13図","国指定","史跡","高野参詣道　町石道　三谷坂　京大坂道不動坂　黒河道　女人道","こうやさんけいみち　ちょいしみち、みたにざか、きょうおおさかみちふどうざか、くろこみち、にょにんみち","昭52.7.14
平9.3.6追加
平27.10.7追加・名称変更
平28.3.1追加","橋本市、高野町、かつらぎ町、九度山町","（高野町）","高野町域：町石道、京大坂道不動坂、黒河道、女人道","09","高野町","135.592208167645","34.2047006431311","史跡_名勝_天然記念物_線"
"","","139","2.000000","13図","国指定","史跡","高野参詣道　町石道　三谷坂　京大坂道不動坂　黒河道　女人道","こうやさんけいみち　ちょいしみち、みたにざか、きょうおおさかみちふどうざか、くろこみち、にょにんみち","昭52.7.14
平9.3.6追加
平27.10.7追加・名称変更
平28.3.1追加","橋本市、高野町、かつらぎ町、九度山町","（高野町）","高野町域：町石道、京大坂道不動坂、黒河道、女人道","09","高野町","135.597020125602","34.2084761611369","史跡_名勝_天然記念物_線"
"","","139","2.000000","13図","国指定","史跡","高野参詣道　町石道　三谷坂　京大坂道不動坂　黒河道　女人道","こうやさんけいみち　ちょいしみち、みたにざか、きょうおおさかみちふどうざか、くろこみち、にょにんみち","昭52.7.14
平9.3.6追加
平27.10.7追加・名称変更
平28.3.1追加","橋本市、高野町、かつらぎ町、九度山町","（高野町）","高野町域：町石道、京大坂道不動坂、黒河道、女人道","09","高野町","135.583621887649","34.2067044205869","史跡_名勝_天然記念物_線"
"","","139","2.000000","13図","国指定","史跡","高野参詣道　町石道　三谷坂　京大坂道不動坂　黒河道　女人道","こうやさんけいみち　ちょいしみち、みたにざか、きょうおおさかみちふどうざか、くろこみち、にょにんみち","昭52.7.14
平9.3.6追加
平27.10.7追加・名称変更
平28.3.1追加","橋本市、高野町、かつらぎ町、九度山町","（高野町）","高野町域：町石道、京大坂道不動坂、黒河道、女人道","09","高野町","135.58547947607","34.2070192455933","史跡_名勝_天然記念物_線"
"","","139","2.000000","13図","国指定","史跡","高野参詣道　町石道　三谷坂　京大坂道不動坂　黒河道　女人道","こうやさんけいみち　ちょいしみち、みたにざか、きょうおおさかみちふどうざか、くろこみち、にょにんみち","昭52.7.14
平9.3.6追加
平27.10.7追加・名称変更
平28.3.1追加","橋本市、高野町、かつらぎ町、九度山町","（高野町）","高野町域：町石道、京大坂道不動坂、黒河道、女人道","09","高野町","135.586319537702","34.2069352752243","史跡_名勝_天然記念物_線"
"","","139","2.000000","13図","国指定","史跡","高野参詣道　町石道　三谷坂　京大坂道不動坂　黒河道　女人道","こうやさんけいみち　ちょいしみち、みたにざか、きょうおおさかみちふどうざか、くろこみち、にょにんみち","昭52.7.14
平9.3.6追加
平27.10.7追加・名称変更
平28.3.1追加","橋本市、高野町、かつらぎ町、九度山町","（高野町）","高野町域：町石道、京大坂道不動坂、黒河道、女人道","09","高野町","135.580785282713","34.208416821509","史跡_名勝_天然記念物_線"
"","","139","2.000000","13図","国指定","史跡","高野参詣道　町石道　三谷坂　京大坂道不動坂　黒河道　女人道","こうやさんけいみち　ちょいしみち、みたにざか、きょうおおさかみちふどうざか、くろこみち、にょにんみち","昭52.7.14
平9.3.6追加
平27.10.7追加・名称変更
平28.3.1追加","橋本市、高野町、かつらぎ町、九度山町","（高野町）","高野町域：町石道、京大坂道不動坂、黒河道、女人道","09","高野町","135.578279705365","34.2104219548077","史跡_名勝_天然記念物_線"
"","","139","2.000000","13図","国指定","史跡","高野参詣道　町石道　三谷坂　京大坂道不動坂　黒河道　女人道","こうやさんけいみち　ちょいしみち、みたにざか、きょうおおさかみちふどうざか、くろこみち、にょにんみち","昭52.7.14
平9.3.6追加
平27.10.7追加・名称変更
平28.3.1追加","橋本市、高野町、かつらぎ町、九度山町","（高野町）","高野町域：町石道、京大坂道不動坂、黒河道、女人道","09","高野町","135.574240959403","34.2108116064897","史跡_名勝_天然記念物_線"
"","","139","2.000000","13図","国指定","史跡","高野参詣道　町石道　三谷坂　京大坂道不動坂　黒河道　女人道","こうやさんけいみち　ちょいしみち、みたにざか、きょうおおさかみちふどうざか、くろこみち、にょにんみち","昭52.7.14
平9.3.6追加
平27.10.7追加・名称変更
平28.3.1追加","橋本市、高野町、かつらぎ町、九度山町","（高野町）","高野町域：町石道、京大坂道不動坂、黒河道、女人道","09","高野町","135.579771237734","34.2129629944147","史跡_名勝_天然記念物_線"
"","","139","2.000000","13図","国指定","史跡","高野参詣道　町石道　三谷坂　京大坂道不動坂　黒河道　女人道","こうやさんけいみち　ちょいしみち、みたにざか、きょうおおさかみちふどうざか、くろこみち、にょにんみち","昭52.7.14
平9.3.6追加
平27.10.7追加・名称変更
平28.3.1追加","橋本市、高野町、かつらぎ町、九度山町","（高野町）","高野町域：町石道、京大坂道不動坂、黒河道、女人道","09","高野町","135.572459182563","34.2121638558635","史跡_名勝_天然記念物_線"
"","","139","2.000000","13図","国指定","史跡","高野参詣道　町石道　三谷坂　京大坂道不動坂　黒河道　女人道","こうやさんけいみち　ちょいしみち、みたにざか、きょうおおさかみちふどうざか、くろこみち、にょにんみち","昭52.7.14
平9.3.6追加
平27.10.7追加・名称変更
平28.3.1追加","橋本市、高野町、かつらぎ町、九度山町","（高野町）","高野町域：町石道、京大坂道不動坂、黒河道、女人道","09","高野町","135.57245918082","34.2123310529824","史跡_名勝_天然記念物_線"
"","","139","2.000000","13図","国指定","史跡","高野参詣道　町石道　三谷坂　京大坂道不動坂　黒河道　女人道","こうやさんけいみち　ちょいしみち、みたにざか、きょうおおさかみちふどうざか、くろこみち、にょにんみち","昭52.7.14
平9.3.6追加
平27.10.7追加・名称変更
平28.3.1追加","橋本市、高野町、かつらぎ町、九度山町","（高野町）","高野町域：町石道、京大坂道不動坂、黒河道、女人道","09","高野町","135.579913049863","34.2127287957416","史跡_名勝_天然記念物_線"
"","","139","2.000000","13図","国指定","史跡","高野参詣道　町石道　三谷坂　京大坂道不動坂　黒河道　女人道","こうやさんけいみち　ちょいしみち、みたにざか、きょうおおさかみちふどうざか、くろこみち、にょにんみち","昭52.7.14
平9.3.6追加
平27.10.7追加・名称変更
平28.3.1追加","橋本市、高野町、かつらぎ町、九度山町","（高野町）","高野町域：町石道、京大坂道不動坂、黒河道、女人道","09","高野町","135.593058131699","34.2177284310814","史跡_名勝_天然記念物_線"
"","","139","2.000000","13図","国指定","史跡","高野参詣道　町石道　三谷坂　京大坂道不動坂　黒河道　女人道","こうやさんけいみち　ちょいしみち、みたにざか、きょうおおさかみちふどうざか、くろこみち、にょにんみち","昭52.7.14
平9.3.6追加
平27.10.7追加・名称変更
平28.3.1追加","橋本市、高野町、かつらぎ町、九度山町","（高野町）","高野町域：町石道、京大坂道不動坂、黒河道、女人道","09","高野町","135.576534095646","34.2127432715142","史跡_名勝_天然記念物_線"
"","","139","2.000000","13図","国指定","史跡","高野参詣道　町石道　三谷坂　京大坂道不動坂　黒河道　女人道","こうやさんけいみち　ちょいしみち、みたにざか、きょうおおさかみちふどうざか、くろこみち、にょにんみち","昭52.7.14
平9.3.6追加
平27.10.7追加・名称変更
平28.3.1追加","橋本市、高野町、かつらぎ町、九度山町","（高野町）","高野町域：町石道、京大坂道不動坂、黒河道、女人道","09","高野町","135.576022441666","34.2171127704053","史跡_名勝_天然記念物_線"
"","","139","2.000000","13図","国指定","史跡","高野参詣道　町石道　三谷坂　京大坂道不動坂　黒河道　女人道","こうやさんけいみち　ちょいしみち、みたにざか、きょうおおさかみちふどうざか、くろこみち、にょにんみち","昭52.7.14
平9.3.6追加
平27.10.7追加・名称変更
平28.3.1追加","橋本市、高野町、かつらぎ町、九度山町","（高野町）","高野町域：町石道、京大坂道不動坂、黒河道、女人道","09","高野町","135.546084674247","34.2165283595394","史跡_名勝_天然記念物_線"
"","","139","2.000000","13図","国指定","史跡","高野参詣道　町石道　三谷坂　京大坂道不動坂　黒河道　女人道","こうやさんけいみち　ちょいしみち、みたにざか、きょうおおさかみちふどうざか、くろこみち、にょにんみち","昭52.7.14
平9.3.6追加
平27.10.7追加・名称変更
平28.3.1追加","橋本市、高野町、かつらぎ町、九度山町","（高野町）","高野町域：町石道、京大坂道不動坂、黒河道、女人道","09","高野町","135.546084668312","34.2167916772433","史跡_名勝_天然記念物_線"
"","","139","2.000000","13図","国指定","史跡","高野参詣道　町石道　三谷坂　京大坂道不動坂　黒河道　女人道","こうやさんけいみち　ちょいしみち、みたにざか、きょうおおさかみちふどうざか、くろこみち、にょにんみち","昭52.7.14
平9.3.6追加
平27.10.7追加・名称変更
平28.3.1追加","橋本市、高野町、かつらぎ町、九度山町","（高野町）","高野町域：町石道、京大坂道不動坂、黒河道、女人道","09","高野町","135.561116468991","34.2170940619598","史跡_名勝_天然記念物_線"
"","","139","2.000000","13図","国指定","史跡","高野参詣道　町石道　三谷坂　京大坂道不動坂　黒河道　女人道","こうやさんけいみち　ちょいしみち、みたにざか、きょうおおさかみちふどうざか、くろこみち、にょにんみち","昭52.7.14
平9.3.6追加
平27.10.7追加・名称変更
平28.3.1追加","橋本市、高野町、かつらぎ町、九度山町","（高野町）","高野町域：町石道、京大坂道不動坂、黒河道、女人道","09","高野町","135.539473987611","34.2180708808321","史跡_名勝_天然記念物_線"
"","","139","2.000000","13図","国指定","史跡","高野参詣道　町石道　三谷坂　京大坂道不動坂　黒河道　女人道","こうやさんけいみち　ちょいしみち、みたにざか、きょうおおさかみちふどうざか、くろこみち、にょにんみち","昭52.7.14
平9.3.6追加
平27.10.7追加・名称変更
平28.3.1追加","橋本市、高野町、かつらぎ町、九度山町","（高野町）","高野町域：町石道、京大坂道不動坂、黒河道、女人道","09","高野町","135.573657813504","34.230768343645","史跡_名勝_天然記念物_線"
"","","393","5.000000","51図","県指定","史跡","多富気王子跡","たふけおうじあと","昭33.4.1","那智山438","熊野那智大社","","27","那智勝浦町","135.898502384891","33.6714023369274","史跡_名勝_天然記念物_線"
"","","172","5.000000","21図","県指定","史跡","明恵上人遺跡　刈藻島","みょうえしょうにんいせき　かるもじま","昭49.12.9","栖原下地続1562-1,1562-2","湯浅町","10,670㎡","11","湯浅町","135.132003800808","34.0327777701696","史跡_名勝_天然記念物_線"
"","","237","2.000000","25図","県指定","天然記念物","はかまかずら自生北限地","はかまかずらじせいほくげんち","昭33.4.1","衣奈1292-2","由良町","","17","由良町","135.09468855726","34.0045337475556","史跡_名勝_天然記念物_線"
"","","290","11.000000","43図","県指定","天然記念物","野中の一方杉","のなかのいっぽうすぎ","昭33.4.1","野中字上ミ道中590-2","近野振興会","10本","21","田辺市中辺路地区","135.634107334793","33.8283558580826","史跡_名勝_天然記念物_線"
"","","312","13.000000","36図 ・37図・44図","国指定","史跡","熊野参詣道　紀伊路　中辺路　大辺路　小辺路　伊勢路　熊野川　七里御浜　花の窟","くまのさんけいみち　きいじ　なかへち　おおへち　こへち　いせじ　くまのがわ　しちりみはま　はなのいわや　","平12.11.2
平14.12.9分離・追加・名称変更
平24.1.24追加
平27.10.7追加・名称変更
平28.3.1追加
平30.2.13追加","新宮市、田辺市、海南市、有田市、御坊市、那智勝浦町、串本町、白浜町、すさみ町、上富田町、広川町、高野町","(高野町、有田市、広川町、田辺市、御坊市、上富田町、白浜町、すさみ町、串本町、那智勝浦町）","田辺市域：紀伊路、中辺路、大辺路、小辺路、伊勢路、熊野川","21","田辺市本宮地区","135.761383559141","33.8304770315473","史跡_名勝_天然記念物_線"
"","","312","13.000000","36図 ・37図・44図","国指定","史跡","熊野参詣道　紀伊路　中辺路　大辺路　小辺路　伊勢路　熊野川　七里御浜　花の窟","くまのさんけいみち　きいじ　なかへち　おおへち　こへち　いせじ　くまのがわ　しちりみはま　はなのいわや　","平12.11.2
平14.12.9分離・追加・名称変更
平24.1.24追加
平27.10.7追加・名称変更
平28.3.1追加
平30.2.13追加","新宮市、田辺市、海南市、有田市、御坊市、那智勝浦町、串本町、白浜町、すさみ町、上富田町、広川町、高野町","(高野町、有田市、広川町、田辺市、御坊市、上富田町、白浜町、すさみ町、串本町、那智勝浦町）","田辺市域：紀伊路、中辺路、大辺路、小辺路、伊勢路、熊野川","21","田辺市本宮地区","135.757931807223","33.8288416515485","史跡_名勝_天然記念物_線"
"","","312","13.000000","36図 ・37図・44図","国指定","史跡","熊野参詣道　紀伊路　中辺路　大辺路　小辺路　伊勢路　熊野川　七里御浜　花の窟","くまのさんけいみち　きいじ　なかへち　おおへち　こへち　いせじ　くまのがわ　しちりみはま　はなのいわや　","平12.11.2
平14.12.9分離・追加・名称変更
平24.1.24追加
平27.10.7追加・名称変更
平28.3.1追加
平30.2.13追加","新宮市、田辺市、海南市、有田市、御坊市、那智勝浦町、串本町、白浜町、すさみ町、上富田町、広川町、高野町","(高野町、有田市、広川町、田辺市、御坊市、上富田町、白浜町、すさみ町、串本町、那智勝浦町）","田辺市域：紀伊路、中辺路、大辺路、小辺路、伊勢路、熊野川","21","田辺市本宮地区","135.761383559141","33.8304770315473","史跡_名勝_天然記念物_線"
"","","312","13.000000","36図 ・37図・44図","国指定","史跡","熊野参詣道　紀伊路　中辺路　大辺路　小辺路　伊勢路　熊野川　七里御浜　花の窟","くまのさんけいみち　きいじ　なかへち　おおへち　こへち　いせじ　くまのがわ　しちりみはま　はなのいわや　","平12.11.2
平14.12.9分離・追加・名称変更
平24.1.24追加
平27.10.7追加・名称変更
平28.3.1追加
平30.2.13追加","新宮市、田辺市、海南市、有田市、御坊市、那智勝浦町、串本町、白浜町、すさみ町、上富田町、広川町、高野町","(高野町、有田市、広川町、田辺市、御坊市、上富田町、白浜町、すさみ町、串本町、那智勝浦町）","田辺市域：紀伊路、中辺路、大辺路、小辺路、伊勢路、熊野川","21","田辺市本宮地区","135.757931807223","33.8288416515485","史跡_名勝_天然記念物_線"
"","","312","13.000000","36図 ・37図・44図","国指定","史跡","熊野参詣道　紀伊路　中辺路　大辺路　小辺路　伊勢路　熊野川　七里御浜　花の窟","くまのさんけいみち　きいじ　なかへち　おおへち　こへち　いせじ　くまのがわ　しちりみはま　はなのいわや　","平12.11.2
平14.12.9分離・追加・名称変更
平24.1.24追加
平27.10.7追加・名称変更
平28.3.1追加
平30.2.13追加","新宮市、田辺市、海南市、有田市、御坊市、那智勝浦町、串本町、白浜町、すさみ町、上富田町、広川町、高野町","(高野町、有田市、広川町、田辺市、御坊市、上富田町、白浜町、すさみ町、串本町、那智勝浦町）","田辺市域：紀伊路、中辺路、大辺路、小辺路、伊勢路、熊野川","21","田辺市本宮地区","135.761383559141","33.8304770315473","史跡_名勝_天然記念物_線"
"","","398","11.000000","51図","県指定","史跡","花山法皇御籠所跡","かざんほうおうおんこもりしょあと","昭33.4.1","那智山2","熊野那智大社","","27","那智勝浦町","135.888133010432","33.6771843521374","史跡_名勝_天然記念物_線"
"","","397","9.000000","51図","県指定","史跡","亀山天皇御卒塔婆建立地跡","かめやまてんのうおんそとばこんりゅうちあと","昭33.4.1","那智山2","熊野那智大社","","27","那智勝浦町","135.887896599494","33.6737438073412","史跡_名勝_天然記念物_線"
"","","408","20.000000","51図・56図","国指定","史跡","熊野参詣道　紀伊路　中辺路　大辺路　小辺路　伊勢路　熊野川　七里御浜　花の窟","くまのさんけいみち　きいじ　なかへち　おおへち　こへち　いせじ　くまのがわ　しちりみはま　はなのいわや　","平12.11.2
平14.12.9分離・追加・名称変更
平24.1.24追加
平27.10.7追加・名称変更
平28.3.1追加
平30.2.13追加","新宮市、田辺市、海南市、有田市、御坊市、那智勝浦町、串本町、白浜町、すさみ町、上富田町、広川町、高野町","(高野町、有田市、広川町、田辺市、御坊市、上富田町、白浜町、すさみ町、串本町、那智勝浦町）","那智勝浦町域：中辺路、大辺路","27","那智勝浦町","135.886262112248","33.6623907605452","史跡_名勝_天然記念物_線"
"","","344","7.000000","","国指定","名勝","南方曼陀羅の風景地　神島、鬪?神社、須佐神社、伊作田稲荷神社、継桜王子、高原熊野神社、奇絶峡、龍神山、八上神社、田中神社、九龍島、金刀比羅神社、天神崎","みなかたまんだらのふうけいち　かしま、とうけいじんじゃ、すさじんじゃ、いさいだいなりじんじゃ、つぎざくらおうじ、たかはらくまのじんじゃ、きぜつきょう、りゅうぜんさん、やがみじんじゃ、たなかじんじゃ、くろしま、ことひらじんじゃ、てんじんざき","平27.10.7","田辺市、上富田町、白浜町、串本町","（田辺市、上富田町、白浜町、串本町）","八上神社、田中神社","23","上富田町","135.439682380452","33.7260869525623","史跡_名勝_天然記念物_線"
"","","313","17.000000","37図","国指定","史跡","大峯奥駈道","おおみねおくがけみち","平14.12.19","新宮市（旧熊野川町）、田辺市（旧本宮町）、奈良県（図面告示のため、新宮市、田辺市、和歌山県教育委員会で縦覧））","（田辺市・新宮市）","","21","田辺市本宮地区","135.773777984857","33.831110715086","史跡_名勝_天然記念物_線"
"","","313","17.000000","37図","国指定","史跡","大峯奥駈道","おおみねおくがけみち","平14.12.19","新宮市（旧熊野川町）、田辺市（旧本宮町）、奈良県（図面告示のため、新宮市、田辺市、和歌山県教育委員会で縦覧））","（田辺市・新宮市）","","21","田辺市本宮地区","135.773762568064","33.8311187042379","史跡_名勝_天然記念物_線"
"","","372","7.000000","37図","国指定","史跡","大峯奥駈道","おおみねおくがけみち","平14.12.19","新宮市（旧熊野川町）、田辺市（旧本宮町）、奈良県（図面告示のため、新宮市、田辺市、和歌山県教育委員会で縦覧））","（田辺市、新宮市）","","25","新宮市熊野川地区","135.793421549832","33.8604051153217","史跡_名勝_天然記念物_線"
"","","29","29.000000","","県指定","史跡","和歌の浦　奠供山　玉津島神社境内地　天満神社境内地　東照宮境内地　妹背山と三断橋　芦辺屋・朝日屋跡と鏡山　御手洗池公園　塩竃神社境内地　不老橋","わかのうら","平20.6.2","和歌浦中,和歌浦西","財務省・玉津島神社・天満神社・東照宮・海禅院・和歌山県・塩竈神社・和歌山市","","01","和歌山市","135.168822291418","34.1898017312436","史跡_名勝_天然記念物_線"
"","","328","9.000000","","県指定","史跡","安久川の塚穴","あくがわのつかあな","昭33.4.1","才野","個人","","22","白浜町白浜地区","135.379203121405","33.6536358155162","史跡_名勝_天然記念物_線"
"","","189","2.000000","21図","県指定","史跡","奥の宝塔及び宝篋印塔","おきのほうとうおよびほうきょういんとう","昭33.4.1","奥1320番地","有田川町","2基","13","有田川町吉備地区","135.213602662955","34.0518937278938","史跡_名勝_天然記念物_線"
"","","196","1.000000","22図","国指定","史跡","明恵紀州遺跡率都婆","みょうえきしゅういせきそとば","昭6.6.3","船坂793-3,歓喜寺179,1123-1の内実測1畝1歩7合,糸野650-1","（有田川町）","","13","有田川町金屋地区","135.260540495016","34.0502112236579","史跡_名勝_天然記念物_線"
"","","196","1.000000","22図","国指定","史跡","明恵紀州遺跡率都婆","みょうえきしゅういせきそとば","昭6.6.3","船坂793-3,歓喜寺179,1123-1の内実測1畝1歩7合,糸野650-1","（有田川町）","","13","有田川町金屋地区","135.263113952366","34.0410207734886","史跡_名勝_天然記念物_線"
"","","196","1.000000","22図","国指定","史跡","明恵紀州遺跡率都婆","みょうえきしゅういせきそとば","昭6.6.3","船坂793-3,歓喜寺179,1123-1の内実測1畝1歩7合,糸野650-1","（有田川町）","","13","有田川町金屋地区","135.244899233908","34.0735882370043","史跡_名勝_天然記念物_線"
"","","3","3.000000","10図","国指定","史跡","四箇郷一里塚","しかごいちりづか","昭15.7.12","新在家125,140","（和歌山市）","","01","和歌山市","135.200792877088","34.2448315729961","史跡_名勝_天然記念物_線"
"","","13","13.000000","10図","県指定","天然記念物","一の橋の樟樹","いちのはしのくすのき","昭33.4.1","一番丁3番2","和歌山市","1本","01","和歌山市","135.173710320892","34.2291991747731","史跡_名勝_天然記念物_線"
"","","14","14.000000","11図","県指定","天然記念物","樫の大木","かしのたいぼく","昭33.4.1","永山485","個人","1本","01","和歌山市","135.265485110652","34.2042139746013","史跡_名勝_天然記念物_線"
"","","17","17.000000","10図","県指定","天然記念物","岡山の根上り松群","おかやまのねあがりまつぐん","昭33.4.1","吹上1丁目4番1号和歌山大学教育学部付属小学校グランド内","和歌山大学","1株","01","和歌山市","135.173446339647","34.223658899799","史跡_名勝_天然記念物_線"
"","","18","18.000000","5図","県指定","天然記念物","丹生神社の樟樹","にうじんじゃのくすのき","昭33.4.1","直川1793","丹生神社","1株","01","和歌山市","135.212375872373","34.2637177265825","史跡_名勝_天然記念物_線"
"","","20","20.000000","10図","県指定","天然記念物","鷹の巣","たかのす","昭34.4.23","雑賀崎地番外","和歌山市","","01","和歌山市","135.141034985041","34.1879624631893","史跡_名勝_天然記念物_線"
"","","21","21.000000","10図","県指定","史跡","小原桃洞墓","おはらとうどうはか","昭33.4.1","吹上5丁目25番地","大恩寺","1基","01","和歌山市","135.17333689842","34.220363049448","史跡_名勝_天然記念物_線"
"","","23","23.000000","11図","県指定","天然記念物","くろがねもちの老樹","くろがねもちのろうじゅ","昭35.3.12","下三毛652","個人","1本","01","和歌山市","135.292317223288","34.240438582569","史跡_名勝_天然記念物_線"
"","","24","24.000000","11図","県指定","天然記念物","ヒメコマツの名木","ひめこまつのめいぼく","昭38.3.26","満屋301","個人","1本","01","和歌山市","135.281621516845","34.2489380582321","史跡_名勝_天然記念物_線"
"","","25","25.000000","10図","県指定","天然記念物","若宮八幡神社のボダイジュ","わかみやはちまんじんじゃのぼだいじゅ","昭44.4.23","有本栗林635-1","若宮八幡神社","1株","01","和歌山市","135.190823852234","34.2480622127977","史跡_名勝_天然記念物_線"
"","","313","17.000000","37図","国指定","史跡","大峯奥駈道","おおみねおくがけみち","平14.12.19","新宮市（旧熊野川町）、田辺市（旧本宮町）、奈良県（図面告示のため、新宮市、田辺市、和歌山県教育委員会で縦覧））","（田辺市・新宮市）","","21","田辺市本宮地区","135.779092751831","33.8303718107385","史跡_名勝_天然記念物_線"
"","","313","17.000000","37図","国指定","史跡","大峯奥駈道","おおみねおくがけみち","平14.12.19","新宮市（旧熊野川町）、田辺市（旧本宮町）、奈良県（図面告示のため、新宮市、田辺市、和歌山県教育委員会で縦覧））","（田辺市・新宮市）","","21","田辺市本宮地区","135.775946947691","33.8305872305703","史跡_名勝_天然記念物_線"
"","","313","17.000000","37図","国指定","史跡","大峯奥駈道","おおみねおくがけみち","平14.12.19","新宮市（旧熊野川町）、田辺市（旧本宮町）、奈良県（図面告示のため、新宮市、田辺市、和歌山県教育委員会で縦覧））","（田辺市・新宮市）","","21","田辺市本宮地区","135.786061373278","33.8422767656748","史跡_名勝_天然記念物_線"
